-- User_Accounts TABLE INSERT --
insert into user_accounts (username, password, name, email, phone_number, role, created_at, modified_at) values
    ('userTest', '{noop}userTest@pw', '테스트유저', 'userTest@gmail.com', '010-1111-1000', 'USER', now(), now());

insert into user_accounts (username, password, name, email, phone_number, role, created_at, modified_at) values
    ('userTest2', '{noop}userTest2@pw', '테스트유저2', 'userTest2@gmail.com', '010-2222-2000', 'USER', now(), now());

insert into user_accounts (username, password, name, email, phone_number, role, created_at, modified_at) values
    ('userTest3', '{noop}userTest3@pw', '테스트유저3', 'userTest3@gmail.com', '010-2222-2300', 'USER', now(), now());

insert into user_accounts (username, password, name, email, phone_number, role, created_at, modified_at) values
    ('adminTest', '{noop}adminTest@pw', '관리자계정1', 'adminTest@gmail.com', '010-3333-3000', 'ADMIN', now(), now());

-- Articles TABLE INSERT TOTAL : 100 --
insert into articles (title, content, user_id, created_at, created_by, modified_at, modified_by) values ('dapibus at diam', 'In sagittis dui vel nisl. Duis ac nibh. Fusce lacus purus, aliquet at, feugiat non, pretium quis, lectus.', 2, '2022-10-20 23:59:59', 'userTest2', '2022-10-20 23:59:59', 'userTest2');
insert into articles (title, content, user_id, created_at, created_by, modified_at, modified_by) values ('ipsum primis in faucibus orci luctus et ultrices posuere', 'Nullam sit amet turpis elementum ligula vehicula consequat. Morbi a ipsum.', 1, '2022-10-20 23:59:57', 'userTest', '2022-10-20 23:59:57', 'userTest');
insert into articles (title, content, user_id, created_at, created_by, modified_at, modified_by) values ('sed vestibulum sit amet cursus id turpis integer aliquet', 'Lorem ipsum dolor sit amet, consectetuer adipiscing elit.', 2, '2022-10-20 23:59:55', 'userTest2', '2022-10-20 23:59:55', 'userTest2');
insert into articles (title, content, user_id, created_at, created_by, modified_at, modified_by) values ('varius integer ac leo pellentesque ultrices mattis odio', 'Duis ac nibh.', 1, '2022-10-20 23:59:53', 'userTest', '2022-10-20 23:59:53', 'userTest');
insert into articles (title, content, user_id, created_at, created_by, modified_at, modified_by) values ('sit amet consectetuer', 'Nulla tempus. Vivamus in felis eu sapien cursus vestibulum. Proin eu mi.', 2, '2021-10-24 09:12:31', 'userTest2', '2021-10-26 09:12:31', 'userTest2');
insert into articles (title, content, user_id, created_at, created_by, modified_at, modified_by) values ('lorem ipsum dolor sit amet consectetuer adipiscing elit proin', 'Praesent blandit lacinia erat. Vestibulum sed magna at nunc commodo placerat.', 1, '2022-02-26 16:04:19', 'userTest', '2022-02-28 16:04:19', 'userTest');
insert into articles (title, content, user_id, created_at, created_by, modified_at, modified_by) values ('fusce posuere felis sed lacus morbi', 'Aliquam non mauris. Morbi non lectus. Aliquam sit amet diam in magna bibendum imperdiet.', 2, '2022-02-14 07:46:37', 'userTest2', '2022-02-16 07:46:37', 'userTest2');
insert into articles (title, content, user_id, created_at, created_by, modified_at, modified_by) values ('sed vestibulum sit amet cursus id turpis integer aliquet massa', 'Quisque id justo sit amet sapien dignissim vestibulum. Vestibulum ante ipsum primis in faucibus orci luctus et ultrices posuere cubilia Curae; Nulla dapibus dolor vel est. Donec odio justo, sollicitudin ut, suscipit a, feugiat et, eros. Vestibulum ac est lacinia nisi venenatis tristique.', 1, '2022-10-09 00:03:51', 'userTest', '2022-10-11 00:03:51', 'userTest');
insert into articles (title, content, user_id, created_at, created_by, modified_at, modified_by) values ('vulputate elementum nullam varius nulla facilisi cras', 'Nullam varius.', 2, '2022-02-25 22:00:18', 'userTest2', '2022-02-27 22:00:18', 'userTest2');
insert into articles (title, content, user_id, created_at, created_by, modified_at, modified_by) values ('aliquam quis turpis', 'Lorem ipsum dolor sit amet, consectetuer adipiscing elit. Proin risus.', 1, '2022-04-04 00:06:36', 'userTest', '2022-04-06 00:06:36', 'userTest');
insert into articles (title, content, user_id, created_at, created_by, modified_at, modified_by) values ('maecenas ut massa quis augue', 'Cum sociis natoque penatibus et magnis dis parturient montes, nascetur ridiculus mus. Etiam vel augue. Vestibulum rutrum rutrum neque.', 2, '2022-05-11 15:16:46', 'userTest2', '2022-05-13 15:16:46', 'userTest2');
insert into articles (title, content, user_id, created_at, created_by, modified_at, modified_by) values ('dui vel nisl duis ac nibh fusce lacus purus', 'In quis justo. Maecenas rhoncus aliquam lacus. Morbi quis tortor id nulla ultrices aliquet.', 1, '2022-08-05 22:05:40', 'userTest', '2022-08-07 22:05:40', 'userTest');
insert into articles (title, content, user_id, created_at, created_by, modified_at, modified_by) values ('etiam vel augue vestibulum rutrum rutrum', 'Aliquam non mauris. Morbi non lectus. Aliquam sit amet diam in magna bibendum imperdiet.', 2, '2022-03-26 02:39:42', 'userTest2', '2022-03-28 02:39:42', 'userTest2');
insert into articles (title, content, user_id, created_at, created_by, modified_at, modified_by) values ('ridiculus mus vivamus', 'Cras mi pede, malesuada in, imperdiet et, commodo vulputate, justo.', 1, '2022-03-11 02:29:07', 'userTest', '2022-03-13 03:29:07', 'userTest');
insert into articles (title, content, user_id, created_at, created_by, modified_at, modified_by) values ('eget congue eget semper rutrum nulla nunc purus', 'Praesent blandit lacinia erat.', 2, '2022-08-05 21:23:23', 'userTest2', '2022-08-07 21:23:23', 'userTest2');
insert into articles (title, content, user_id, created_at, created_by, modified_at, modified_by) values ('tortor quis turpis sed ante vivamus tortor duis', 'Donec ut mauris eget massa tempor convallis.', 1, '2022-08-28 19:29:34', 'userTest', '2022-08-30 19:29:34', 'userTest');
insert into articles (title, content, user_id, created_at, created_by, modified_at, modified_by) values ('sollicitudin ut suscipit a feugiat', 'Morbi vestibulum, velit id pretium iaculis, diam erat fermentum justo, nec condimentum neque sapien placerat ante. Nulla justo. Aliquam quis turpis eget elit sodales scelerisque. Mauris sit amet eros.', 2, '2022-04-11 21:10:56', 'userTest2', '2022-04-13 21:10:56', 'userTest2');
insert into articles (title, content, user_id, created_at, created_by, modified_at, modified_by) values ('libero nullam sit amet turpis', 'Praesent id massa id nisl venenatis lacinia. Aenean sit amet justo.', 1, '2022-03-10 15:28:36', 'userTest', '2022-03-12 15:28:36', 'userTest');
insert into articles (title, content, user_id, created_at, created_by, modified_at, modified_by) values ('a libero nam dui proin leo odio', 'Nulla suscipit ligula in lacus. Curabitur at ipsum ac tellus semper interdum. Mauris ullamcorper purus sit amet nulla.', 2, '2021-11-03 08:29:47', 'userTest2', '2021-11-05 08:29:47', 'userTest2');
insert into articles (title, content, user_id, created_at, created_by, modified_at, modified_by) values ('sed tincidunt eu felis fusce posuere', 'Aliquam erat volutpat. In congue. Etiam justo. Etiam pretium iaculis justo.', 1, '2022-08-04 02:13:43', 'userTest', '2022-08-06 02:13:43', 'userTest');
insert into articles (title, content, user_id, created_at, created_by, modified_at, modified_by) values ('ac diam cras pellentesque volutpat dui maecenas tristique', 'Integer aliquet, massa id lobortis convallis, tortor risus dapibus augue, vel accumsan tellus nisi eu orci. Mauris lacinia sapien quis libero. Nullam sit amet turpis elementum ligula vehicula consequat.', 2, '2021-12-04 02:26:11', 'userTest2', '2021-12-06 02:26:11', 'userTest2');
insert into articles (title, content, user_id, created_at, created_by, modified_at, modified_by) values ('massa quis augue luctus', 'In hac habitasse platea dictumst. Aliquam augue quam, sollicitudin vitae, consectetuer eget, rutrum at, lorem. Integer tincidunt ante vel ipsum. Praesent blandit lacinia erat.', 1, '2021-10-21 08:34:49', 'userTest', '2021-10-23 08:34:49', 'userTest');
insert into articles (title, content, user_id, created_at, created_by, modified_at, modified_by) values ('lacinia aenean sit amet justo morbi ut odio cras mi', 'Integer a nibh.', 2, '2021-11-21 20:33:49', 'userTest2', '2021-11-23 20:33:49', 'userTest2');
insert into articles (title, content, user_id, created_at, created_by, modified_at, modified_by) values ('lacus purus aliquet at feugiat non pretium quis lectus', 'Morbi quis tortor id nulla ultrices aliquet. Maecenas leo odio, condimentum id, luctus nec, molestie sed, justo.', 1, '2022-04-23 07:47:01', 'userTest', '2022-04-25 07:47:01', 'userTest');
insert into articles (title, content, user_id, created_at, created_by, modified_at, modified_by) values ('sem praesent id massa', 'Curabitur in libero ut massa volutpat convallis. Morbi odio odio, elementum eu, interdum eu, tincidunt in, leo. Maecenas pulvinar lobortis est.', 2, '2022-07-07 20:59:50', 'userTest2', '2022-07-09 20:59:50', 'userTest2');
insert into articles (title, content, user_id, created_at, created_by, modified_at, modified_by) values ('quisque id justo sit amet sapien dignissim vestibulum vestibulum', 'Nulla suscipit ligula in lacus. Curabitur at ipsum ac tellus semper interdum. Mauris ullamcorper purus sit amet nulla.', 1, '2022-10-03 08:34:49', 'userTest', '2022-10-05 08:34:49', 'userTest');
insert into articles (title, content, user_id, created_at, created_by, modified_at, modified_by) values ('tortor id nulla ultrices aliquet maecenas leo odio condimentum id', 'Aliquam augue quam, sollicitudin vitae, consectetuer eget, rutrum at, lorem. Integer tincidunt ante vel ipsum. Praesent blandit lacinia erat. Vestibulum sed magna at nunc commodo placerat.', 2, '2021-12-07 13:15:55', 'userTest2', '2021-12-09 13:15:55', 'userTest2');
insert into articles (title, content, user_id, created_at, created_by, modified_at, modified_by) values ('tortor id nulla ultrices aliquet maecenas', 'Pellentesque at nulla.', 1, '2021-10-21 12:18:11', 'userTest', '2021-10-23 12:18:11', 'userTest');
insert into articles (title, content, user_id, created_at, created_by, modified_at, modified_by) values ('in tempor turpis nec euismod scelerisque quam turpis adipiscing lorem', 'Cras pellentesque volutpat dui. Maecenas tristique, est et tempus semper, est quam pharetra magna, ac consequat metus sapien ut nunc. Vestibulum ante ipsum primis in faucibus orci luctus et ultrices posuere cubilia Curae; Mauris viverra diam vitae quam.', 2, '2022-08-14 06:10:58', 'userTest2', '2022-08-16 06:10:58', 'userTest2');
insert into articles (title, content, user_id, created_at, created_by, modified_at, modified_by) values ('ac diam cras pellentesque volutpat dui maecenas', 'Suspendisse potenti. Nullam porttitor lacus at turpis. Donec posuere metus vitae ipsum.', 1, '2022-02-12 11:52:34', 'userTest', '2022-02-14 11:52:34', 'userTest');
insert into articles (title, content, user_id, created_at, created_by, modified_at, modified_by) values ('tincidunt eget tempus vel pede morbi', 'Vestibulum ante ipsum primis in faucibus orci luctus et ultrices posuere cubilia Curae; Nulla dapibus dolor vel est. Donec odio justo, sollicitudin ut, suscipit a, feugiat et, eros. Vestibulum ac est lacinia nisi venenatis tristique. Fusce congue, diam id ornare imperdiet, sapien urna pretium nisl, ut volutpat sapien arcu sed augue.', 2, '2022-09-11 18:16:54', 'userTest2', '2022-09-13 18:16:54', 'userTest2');
insert into articles (title, content, user_id, created_at, created_by, modified_at, modified_by) values ('consectetuer adipiscing elit proin risus praesent lectus vestibulum quam', 'Suspendisse potenti. In eleifend quam a odio. In hac habitasse platea dictumst. Maecenas ut massa quis augue luctus tincidunt.', 1, '2022-01-26 06:02:17', 'userTest', '2022-01-28 06:02:17', 'userTest');
insert into articles (title, content, user_id, created_at, created_by, modified_at, modified_by) values ('tristique in tempus sit amet sem fusce consequat nulla', 'Morbi vel lectus in quam fringilla rhoncus. Mauris enim leo, rhoncus sed, vestibulum sit amet, cursus id, turpis. Integer aliquet, massa id lobortis convallis, tortor risus dapibus augue, vel accumsan tellus nisi eu orci. Mauris lacinia sapien quis libero.', 2, '2021-12-11 03:22:44', 'userTest2', '2021-12-13 03:22:44', 'userTest2');
insert into articles (title, content, user_id, created_at, created_by, modified_at, modified_by) values ('nam dui proin', 'Suspendisse potenti. Cras in purus eu magna vulputate luctus. Cum sociis natoque penatibus et magnis dis parturient montes, nascetur ridiculus mus.', 1, '2022-09-10 16:28:24', 'userTest', '2022-09-12 16:28:24', 'userTest');
insert into articles (title, content, user_id, created_at, created_by, modified_at, modified_by) values ('sapien arcu sed augue', 'Suspendisse ornare consequat lectus. In est risus, auctor sed, tristique in, tempus sit amet, sem.', 2, '2022-08-28 00:54:07', 'userTest2', '2022-08-30 00:54:07', 'userTest2');
insert into articles (title, content, user_id, created_at, created_by, modified_at, modified_by) values ('consectetuer adipiscing elit proin interdum', 'Vivamus vel nulla eget eros elementum pellentesque. Quisque porta volutpat erat. Quisque erat eros, viverra eget, congue eget, semper rutrum, nulla. Nunc purus.', 1, '2022-10-11 06:01:01', 'userTest', '2022-10-13 06:01:01', 'userTest');
insert into articles (title, content, user_id, created_at, created_by, modified_at, modified_by) values ('faucibus orci luctus et ultrices posuere cubilia curae nulla', 'Donec quis orci eget orci vehicula condimentum. Curabitur in libero ut massa volutpat convallis. Morbi odio odio, elementum eu, interdum eu, tincidunt in, leo.', 2, '2022-09-23 17:15:14', 'userTest2', '2022-09-25 17:15:14', 'userTest2');
insert into articles (title, content, user_id, created_at, created_by, modified_at, modified_by) values ('nam dui proin leo odio', 'Vestibulum sed magna at nunc commodo placerat. Praesent blandit. Nam nulla. Integer pede justo, lacinia eget, tincidunt eget, tempus vel, pede.', 1, '2022-02-07 04:49:36', 'userTest', '2022-02-09 04:49:36', 'userTest');
insert into articles (title, content, user_id, created_at, created_by, modified_at, modified_by) values ('justo eu massa', 'Pellentesque viverra pede ac diam. Cras pellentesque volutpat dui. Maecenas tristique, est et tempus semper, est quam pharetra magna, ac consequat metus sapien ut nunc.', 2, '2021-11-27 02:21:16', 'userTest2', '2021-11-29 02:21:16', 'userTest2');
insert into articles (title, content, user_id, created_at, created_by, modified_at, modified_by) values ('id nisl venenatis lacinia aenean sit amet justo', 'Suspendisse potenti. Nullam porttitor lacus at turpis. Donec posuere metus vitae ipsum. Aliquam non mauris.', 1, '2022-04-06 16:49:50', 'userTest', '2022-04-08 16:49:50', 'userTest');
insert into articles (title, content, user_id, created_at, created_by, modified_at, modified_by) values ('iaculis congue vivamus metus arcu adipiscing molestie', 'Praesent blandit lacinia erat.', 2, '2022-06-30 05:02:49', 'userTest2', '2022-07-02 05:02:49', 'userTest2');
insert into articles (title, content, user_id, created_at, created_by, modified_at, modified_by) values ('cubilia curae donec pharetra magna', 'Cras non velit nec nisi vulputate nonummy. Maecenas tincidunt lacus at velit. Vivamus vel nulla eget eros elementum pellentesque.', 1, '2022-05-25 12:28:59', 'userTest', '2022-05-27 12:28:59', 'userTest');
insert into articles (title, content, user_id, created_at, created_by, modified_at, modified_by) values ('nibh in quis justo maecenas rhoncus', 'Nullam orci pede, venenatis non, sodales sed, tincidunt eu, felis. Fusce posuere felis sed lacus. Morbi sem mauris, laoreet ut, rhoncus aliquet, pulvinar sed, nisl. Nunc rhoncus dui vel sem.', 2, '2022-06-23 00:51:57', 'userTest2', '2022-06-25 00:51:57', 'userTest2');
insert into articles (title, content, user_id, created_at, created_by, modified_at, modified_by) values ('parturient montes nascetur ridiculus mus etiam vel augue', 'Etiam pretium iaculis justo. In hac habitasse platea dictumst. Etiam faucibus cursus urna. Ut tellus.', 1, '2022-09-25 13:07:23', 'userTest', '2022-09-27 13:07:23', 'userTest');
insert into articles (title, content, user_id, created_at, created_by, modified_at, modified_by) values ('semper sapien a libero', 'Vestibulum rutrum rutrum neque. Aenean auctor gravida sem.', 2, '2022-02-20 03:40:52', 'userTest2', '2022-02-22 03:40:52', 'userTest2');
insert into articles (title, content, user_id, created_at, created_by, modified_at, modified_by) values ('gravida sem praesent id massa', 'Vestibulum sed magna at nunc commodo placerat. Praesent blandit. Nam nulla. Integer pede justo, lacinia eget, tincidunt eget, tempus vel, pede.', 1, '2022-10-09 03:42:39', 'userTest', '2022-10-11 03:42:39', 'userTest');
insert into articles (title, content, user_id, created_at, created_by, modified_at, modified_by) values ('nam congue risus', 'Aenean sit amet justo. Morbi ut odio.', 2, '2022-04-13 08:42:05', 'userTest2', '2022-04-15 08:42:05', 'userTest2');
insert into articles (title, content, user_id, created_at, created_by, modified_at, modified_by) values ('mi pede malesuada in imperdiet et commodo vulputate', 'Donec vitae nisi. Nam ultrices, libero non mattis pulvinar, nulla pede ullamcorper augue, a suscipit nulla elit ac nulla.', 1, '2022-04-18 16:12:01', 'userTest', '2022-04-20 16:12:01', 'userTest');
insert into articles (title, content, user_id, created_at, created_by, modified_at, modified_by) values ('integer pede justo lacinia eget tincidunt eget', 'Proin at turpis a pede posuere nonummy. Integer non velit. Donec diam neque, vestibulum eget, vulputate ut, ultrices vel, augue.', 2, '2022-05-04 20:13:40', 'userTest2', '2022-05-06 20:13:40', 'userTest2');
insert into articles (title, content, user_id, created_at, created_by, modified_at, modified_by) values ('odio condimentum id luctus nec molestie', 'Duis mattis egestas metus. Aenean fermentum. Donec ut mauris eget massa tempor convallis. Nulla neque libero, convallis eget, eleifend luctus, ultricies eu, nibh.', 1, '2021-10-23 05:31:48', 'userTest', '2021-10-25 05:31:48', 'userTest');
insert into articles (title, content, user_id, created_at, created_by, modified_at, modified_by) values ('erat quisque erat eros', 'Nam ultrices, libero non mattis pulvinar, nulla pede ullamcorper augue, a suscipit nulla elit ac nulla. Sed vel enim sit amet nunc viverra dapibus.', 2, '2021-10-18 14:19:11', 'userTest2', '2021-10-20 14:19:11', 'userTest2');
insert into articles (title, content, user_id, created_at, created_by, modified_at, modified_by) values ('varius ut blandit non interdum in ante vestibulum', 'Nam nulla. Integer pede justo, lacinia eget, tincidunt eget, tempus vel, pede. Morbi porttitor lorem id ligula.', 1, '2022-08-02 11:34:29', 'userTest', '2022-08-04 11:34:29', 'userTest');
insert into articles (title, content, user_id, created_at, created_by, modified_at, modified_by) values ('cum sociis natoque penatibus et magnis', 'Nunc purus.', 2, '2022-09-12 22:50:53', 'userTest2', '2022-09-14 22:50:53', 'userTest2');
insert into articles (title, content, user_id, created_at, created_by, modified_at, modified_by) values ('integer ac neque duis bibendum morbi', 'Phasellus id sapien in sapien iaculis congue.', 1, '2021-12-18 14:58:11', 'userTest', '2021-12-20 14:58:11', 'userTest');
insert into articles (title, content, user_id, created_at, created_by, modified_at, modified_by) values ('molestie sed justo pellentesque viverra pede ac', 'Vivamus vestibulum sagittis sapien.', 2, '2022-06-22 02:22:23', 'userTest2', '2022-06-24 02:22:23', 'userTest2');
insert into articles (title, content, user_id, created_at, created_by, modified_at, modified_by) values ('morbi odio odio elementum eu interdum eu', 'Fusce lacus purus, aliquet at, feugiat non, pretium quis, lectus. Suspendisse potenti.', 1, '2021-11-27 07:28:46', 'userTest', '2021-11-29 07:28:46', 'userTest');
insert into articles (title, content, user_id, created_at, created_by, modified_at, modified_by) values ('eleifend pede libero quis', 'Duis bibendum. Morbi non quam nec dui luctus rutrum. Nulla tellus. In sagittis dui vel nisl.', 2, '2021-11-30 16:10:31', 'userTest2', '2021-12-02 16:10:31', 'userTest2');
insert into articles (title, content, user_id, created_at, created_by, modified_at, modified_by) values ('erat id mauris vulputate elementum nullam varius nulla facilisi cras', 'Suspendisse potenti.', 1, '2022-04-18 04:18:50', 'userTest', '2022-04-20 04:18:50', 'userTest');
insert into articles (title, content, user_id, created_at, created_by, modified_at, modified_by) values ('luctus nec molestie sed justo', 'In quis justo. Maecenas rhoncus aliquam lacus. Morbi quis tortor id nulla ultrices aliquet.', 2, '2022-07-25 20:16:49', 'userTest2', '2022-07-27 20:16:49', 'userTest2');
insert into articles (title, content, user_id, created_at, created_by, modified_at, modified_by) values ('morbi porttitor lorem id ligula suspendisse ornare consequat', 'Nam dui.', 1, '2022-07-06 22:46:35', 'userTest', '2022-07-08 22:46:35', 'userTest');
insert into articles (title, content, user_id, created_at, created_by, modified_at, modified_by) values ('nullam orci pede venenatis non sodales sed tincidunt eu', 'Etiam justo.', 2, '2022-07-06 03:07:59', 'userTest2', '2022-07-08 03:07:59', 'userTest2');
insert into articles (title, content, user_id, created_at, created_by, modified_at, modified_by) values ('amet justo morbi ut odio cras mi', 'In tempor, turpis nec euismod scelerisque, quam turpis adipiscing lorem, vitae mattis nibh ligula nec sem.', 1, '2022-08-01 19:44:58', 'userTest', '2022-08-03 19:44:58', 'userTest');
insert into articles (title, content, user_id, created_at, created_by, modified_at, modified_by) values ('varius integer ac leo pellentesque ultrices mattis odio donec vitae', 'Cras in purus eu magna vulputate luctus. Cum sociis natoque penatibus et magnis dis parturient montes, nascetur ridiculus mus. Vivamus vestibulum sagittis sapien. Cum sociis natoque penatibus et magnis dis parturient montes, nascetur ridiculus mus.', 2, '2022-02-13 23:49:43', 'userTest2', '2022-02-15 23:49:43', 'userTest2');
insert into articles (title, content, user_id, created_at, created_by, modified_at, modified_by) values ('mauris ullamcorper purus sit amet nulla quisque arcu', 'Donec quis orci eget orci vehicula condimentum. Curabitur in libero ut massa volutpat convallis. Morbi odio odio, elementum eu, interdum eu, tincidunt in, leo. Maecenas pulvinar lobortis est.', 1, '2022-07-02 10:31:18', 'userTest', '2022-07-04 10:31:18', 'userTest');
insert into articles (title, content, user_id, created_at, created_by, modified_at, modified_by) values ('justo in blandit ultrices', 'Proin leo odio, porttitor id, consequat in, consequat ut, nulla. Sed accumsan felis. Ut at dolor quis odio consequat varius. Integer ac leo.', 2, '2022-08-25 23:02:30', 'userTest2', '2022-08-27 23:02:30', 'userTest2');
insert into articles (title, content, user_id, created_at, created_by, modified_at, modified_by) values ('dolor sit amet consectetuer adipiscing elit proin', 'Vestibulum ante ipsum primis in faucibus orci luctus et ultrices posuere cubilia Curae; Nulla dapibus dolor vel est. Donec odio justo, sollicitudin ut, suscipit a, feugiat et, eros. Vestibulum ac est lacinia nisi venenatis tristique. Fusce congue, diam id ornare imperdiet, sapien urna pretium nisl, ut volutpat sapien arcu sed augue.', 1, '2021-10-22 06:03:11', 'userTest', '2021-10-24 06:03:11', 'userTest');
insert into articles (title, content, user_id, created_at, created_by, modified_at, modified_by) values ('vulputate luctus cum', 'Sed sagittis. Nam congue, risus semper porta volutpat, quam pede lobortis ligula, sit amet eleifend pede libero quis orci. Nullam molestie nibh in lectus.', 2, '2022-07-06 23:21:13', 'userTest2', '2022-07-08 23:21:13', 'userTest2');
insert into articles (title, content, user_id, created_at, created_by, modified_at, modified_by) values ('et ultrices posuere cubilia curae duis faucibus accumsan', 'Integer aliquet, massa id lobortis convallis, tortor risus dapibus augue, vel accumsan tellus nisi eu orci. Mauris lacinia sapien quis libero.', 1, '2022-03-04 00:26:05', 'userTest', '2022-03-06 00:26:05', 'userTest');
insert into articles (title, content, user_id, created_at, created_by, modified_at, modified_by) values ('ipsum aliquam non mauris morbi non', 'Maecenas ut massa quis augue luctus tincidunt.', 2, '2022-01-18 08:57:38', 'userTest2', '2022-01-20 08:57:38', 'userTest2');
insert into articles (title, content, user_id, created_at, created_by, modified_at, modified_by) values ('ac nulla sed vel', 'Etiam pretium iaculis justo. In hac habitasse platea dictumst. Etiam faucibus cursus urna.', 1, '2022-01-12 17:14:40', 'userTest', '2022-01-14 17:14:40', 'userTest');
insert into articles (title, content, user_id, created_at, created_by, modified_at, modified_by) values ('id mauris vulputate elementum', 'Cras pellentesque volutpat dui.', 2, '2021-12-28 09:17:27', 'userTest2', '2021-12-30 09:17:27', 'userTest2');
insert into articles (title, content, user_id, created_at, created_by, modified_at, modified_by) values ('rhoncus dui vel sem sed sagittis nam', 'Mauris lacinia sapien quis libero. Nullam sit amet turpis elementum ligula vehicula consequat. Morbi a ipsum. Integer a nibh.', 1, '2021-12-09 10:12:51', 'userTest', '2021-12-11 10:12:51', 'userTest');
insert into articles (title, content, user_id, created_at, created_by, modified_at, modified_by) values ('donec odio justo sollicitudin ut suscipit a', 'Morbi porttitor lorem id ligula. Suspendisse ornare consequat lectus.', 2, '2021-11-25 00:50:21', 'userTest2', '2021-11-27 00:50:21', 'userTest2');
insert into articles (title, content, user_id, created_at, created_by, modified_at, modified_by) values ('ac enim in tempor turpis nec euismod scelerisque', 'Suspendisse ornare consequat lectus.', 1, '2021-11-30 11:15:15', 'userTest', '2021-12-02 11:15:15', 'userTest');
insert into articles (title, content, user_id, created_at, created_by, modified_at, modified_by) values ('sed tincidunt eu felis fusce posuere felis sed', 'Nullam orci pede, venenatis non, sodales sed, tincidunt eu, felis. Fusce posuere felis sed lacus. Morbi sem mauris, laoreet ut, rhoncus aliquet, pulvinar sed, nisl. Nunc rhoncus dui vel sem.', 2, '2022-09-20 09:27:04', 'userTest2', '2022-09-22 09:27:04', 'userTest2');
insert into articles (title, content, user_id, created_at, created_by, modified_at, modified_by) values ('odio in hac habitasse platea', 'Aenean sit amet justo.', 1, '2022-04-17 20:22:01', 'userTest', '2022-04-19 20:22:01', 'userTest');
insert into articles (title, content, user_id, created_at, created_by, modified_at, modified_by) values ('nascetur ridiculus mus etiam vel augue vestibulum rutrum', 'Suspendisse potenti. Nullam porttitor lacus at turpis. Donec posuere metus vitae ipsum.', 2, '2022-10-08 06:18:58', 'userTest2', '2022-10-10 06:18:58', 'userTest2');
insert into articles (title, content, user_id, created_at, created_by, modified_at, modified_by) values ('donec odio justo sollicitudin', 'Nulla suscipit ligula in lacus. Curabitur at ipsum ac tellus semper interdum. Mauris ullamcorper purus sit amet nulla.', 1, '2022-02-06 18:25:03', 'userTest', '2022-02-08 18:25:03', 'userTest');
insert into articles (title, content, user_id, created_at, created_by, modified_at, modified_by) values ('dui vel nisl duis ac', 'Nullam porttitor lacus at turpis. Donec posuere metus vitae ipsum.', 2, '2022-03-03 03:25:09', 'userTest2', '2022-03-05 03:25:09', 'userTest2');
insert into articles (title, content, user_id, created_at, created_by, modified_at, modified_by) values ('quisque porta volutpat erat quisque erat', 'Quisque ut erat. Curabitur gravida nisi at nibh. In hac habitasse platea dictumst. Aliquam augue quam, sollicitudin vitae, consectetuer eget, rutrum at, lorem.', 1, '2021-12-27 08:28:49', 'userTest', '2021-12-29 08:28:49', 'userTest');
insert into articles (title, content, user_id, created_at, created_by, modified_at, modified_by) values ('ligula sit amet eleifend pede libero', 'Morbi ut odio. Cras mi pede, malesuada in, imperdiet et, commodo vulputate, justo.', 2, '2022-06-02 08:59:18', 'userTest2', '2022-06-04 08:59:18', 'userTest2');
insert into articles (title, content, user_id, created_at, created_by, modified_at, modified_by) values ('parturient montes nascetur ridiculus mus vivamus vestibulum sagittis', 'Phasellus in felis. Donec semper sapien a libero. Nam dui. Proin leo odio, porttitor id, consequat in, consequat ut, nulla.', 1, '2022-05-03 19:57:50', 'userTest', '2022-05-05 19:57:50', 'userTest');
insert into articles (title, content, user_id, created_at, created_by, modified_at, modified_by) values ('nulla integer pede justo lacinia eget tincidunt eget', 'Morbi sem mauris, laoreet ut, rhoncus aliquet, pulvinar sed, nisl. Nunc rhoncus dui vel sem. Sed sagittis.', 2, '2021-10-31 15:11:36', 'userTest2', '2021-11-02 15:11:36', 'userTest2');
insert into articles (title, content, user_id, created_at, created_by, modified_at, modified_by) values ('dapibus duis at', 'Vestibulum rutrum rutrum neque. Aenean auctor gravida sem.', 1, '2022-03-12 09:56:52', 'userTest', '2022-03-14 09:56:52', 'userTest');
insert into articles (title, content, user_id, created_at, created_by, modified_at, modified_by) values ('vestibulum quam sapien varius ut', 'Fusce consequat. Nulla nisl. Nunc nisl.', 2, '2022-05-24 17:06:37', 'userTest2', '2022-05-26 17:06:37', 'userTest2');
insert into articles (title, content, user_id, created_at, created_by, modified_at, modified_by) values ('a feugiat et eros', 'Suspendisse accumsan tortor quis turpis. Sed ante. Vivamus tortor.', 1, '2021-10-19 04:06:49', 'userTest', '2021-10-21 04:06:49', 'userTest');
insert into articles (title, content, user_id, created_at, created_by, modified_at, modified_by) values ('justo sit amet sapien dignissim', 'Nam ultrices, libero non mattis pulvinar, nulla pede ullamcorper augue, a suscipit nulla elit ac nulla.', 2, '2022-03-12 02:15:03', 'userTest2', '2022-03-14 02:15:03', 'userTest2');
insert into articles (title, content, user_id, created_at, created_by, modified_at, modified_by) values ('eros elementum pellentesque quisque porta', 'Morbi sem mauris, laoreet ut, rhoncus aliquet, pulvinar sed, nisl.', 1, '2022-06-22 13:37:45', 'userTest', '2022-06-24 13:37:45', 'userTest');
insert into articles (title, content, user_id, created_at, created_by, modified_at, modified_by) values ('vitae ipsum aliquam non mauris morbi', 'Maecenas ut massa quis augue luctus tincidunt.', 2, '2022-01-26 15:24:57', 'userTest2', '2022-01-28 15:24:57', 'userTest2');
insert into articles (title, content, user_id, created_at, created_by, modified_at, modified_by) values ('justo in blandit ultrices', 'In hac habitasse platea dictumst. Etiam faucibus cursus urna. Ut tellus.', 1, '2021-11-04 18:24:43', 'userTest', '2021-11-06 18:24:43', 'userTest');
insert into articles (title, content, user_id, created_at, created_by, modified_at, modified_by) values ('amet consectetuer adipiscing elit proin', 'Nullam orci pede, venenatis non, sodales sed, tincidunt eu, felis. Fusce posuere felis sed lacus. Morbi sem mauris, laoreet ut, rhoncus aliquet, pulvinar sed, nisl.', 2, '2022-06-26 08:29:53', 'userTest2', '2022-06-28 08:29:53', 'userTest2');
insert into articles (title, content, user_id, created_at, created_by, modified_at, modified_by) values ('ac diam cras pellentesque', 'Integer pede justo, lacinia eget, tincidunt eget, tempus vel, pede. Morbi porttitor lorem id ligula. Suspendisse ornare consequat lectus. In est risus, auctor sed, tristique in, tempus sit amet, sem.', 1, '2021-12-04 00:48:26', 'userTest', '2021-12-06 00:48:26', 'userTest');
insert into articles (title, content, user_id, created_at, created_by, modified_at, modified_by) values ('maecenas tristique est et tempus', 'Sed sagittis.', 2, '2022-01-18 00:08:25', 'userTest2', '2022-01-20 00:08:25', 'userTest2');
insert into articles (title, content, user_id, created_at, created_by, modified_at, modified_by) values ('felis sed lacus morbi sem mauris laoreet ut rhoncus aliquet', 'Donec odio justo, sollicitudin ut, suscipit a, feugiat et, eros.', 1, '2022-02-14 08:53:19', 'userTest', '2022-02-16 08:53:19', 'userTest');
insert into articles (title, content, user_id, created_at, created_by, modified_at, modified_by) values ('non mattis pulvinar nulla pede ullamcorper augue', 'Integer non velit. Donec diam neque, vestibulum eget, vulputate ut, ultrices vel, augue. Vestibulum ante ipsum primis in faucibus orci luctus et ultrices posuere cubilia Curae; Donec pharetra, magna vestibulum aliquet ultrices, erat tortor sollicitudin mi, sit amet lobortis sapien sapien non mi. Integer ac neque.', 2, '2022-07-11 08:34:08', 'userTest2', '2022-07-13 08:34:08', 'userTest2');
insert into articles (title, content, user_id, created_at, created_by, modified_at, modified_by) values ('semper sapien a libero nam dui proin', 'Nunc purus.', 1, '2022-08-15 10:13:20', 'userTest', '2022-08-17 10:13:20', 'userTest');
insert into articles (title, content, user_id, created_at, created_by, modified_at, modified_by) values ('posuere cubilia curae mauris viverra diam vitae quam suspendisse potenti', 'Vivamus vestibulum sagittis sapien. Cum sociis natoque penatibus et magnis dis parturient montes, nascetur ridiculus mus. Etiam vel augue.', 2, '2022-07-07 04:46:13', 'userTest2', '2022-07-09 04:46:13', 'userTest2');
insert into articles (title, content, user_id, created_at, created_by, modified_at, modified_by) values ('ligula sit amet eleifend pede libero quis orci nullam', 'In hac habitasse platea dictumst. Etiam faucibus cursus urna. Ut tellus. Nulla ut erat id mauris vulputate elementum.', 1, '2022-04-21 01:12:49', 'userTest', '2022-04-23 01:12:49', 'userTest');
insert into articles (title, content, user_id, created_at, created_by, modified_at, modified_by) values ('nibh ligula nec sem duis aliquam convallis nunc proin', 'Vivamus in felis eu sapien cursus vestibulum. Proin eu mi.', 2, '2022-08-28 06:05:03', 'userTest2', '2022-08-30 06:05:03', 'userTest2');
insert into articles (title, content, user_id, created_at, created_by, modified_at, modified_by) values ('turpis donec posuere metus', 'Morbi odio odio, elementum eu, interdum eu, tincidunt in, leo. Maecenas pulvinar lobortis est. Phasellus sit amet erat.', 1, '2021-12-14 17:01:33', 'userTest', '2021-12-16 17:01:33', 'userTest');

-- Article_Comments TABLE INSERT TOTAL: 230--
insert into article_comments (comment_body, article_id, user_id, created_at, created_by, modified_at, modified_by) values ('Morbi vestibulum, velit id pretium iaculis, diam erat fermentum justo, nec condimentum neque sapien placerat ante. Nulla justo. Aliquam quis turpis eget elit sodales scelerisque.', 2, 2, '2022-02-11 03:40:44', 'userTest2', '2022-02-13 03:40:44', 'userTest2');
insert into article_comments (comment_body, article_id, user_id, created_at, created_by, modified_at, modified_by) values ('In est risus, auctor sed, tristique in, tempus sit amet, sem. Fusce consequat. Nulla nisl.', 3, 1, '2021-12-01 07:55:31', 'userTest', '2021-12-03 07:55:31', 'userTest');
insert into article_comments (comment_body, article_id, user_id, created_at, created_by, modified_at, modified_by) values ('Etiam pretium iaculis justo. In hac habitasse platea dictumst.', 4, 2, '2022-02-11 06:44:28', 'userTest2', '2022-02-13 06:44:28', 'userTest2');
insert into article_comments (comment_body, article_id, user_id, created_at, created_by, modified_at, modified_by) values ('Maecenas ut massa quis augue luctus tincidunt. Nulla mollis molestie lorem. Quisque ut erat.', 5, 1, '2021-10-25 20:37:50', 'userTest', '2021-10-27 20:37:50', 'userTest');
insert into article_comments (comment_body, article_id, user_id, created_at, created_by, modified_at, modified_by) values ('Duis bibendum.', 6, 2, '2022-01-09 16:51:28', 'userTest2', '2022-01-11 16:51:28', 'userTest2');
insert into article_comments (comment_body, article_id, user_id, created_at, created_by, modified_at, modified_by) values ('Donec diam neque, vestibulum eget, vulputate ut, ultrices vel, augue. Vestibulum ante ipsum primis in faucibus orci luctus et ultrices posuere cubilia Curae; Donec pharetra, magna vestibulum aliquet ultrices, erat tortor sollicitudin mi, sit amet lobortis sapien sapien non mi. Integer ac neque.', 7, 1, '2022-09-19 07:37:28', 'userTest', '2022-09-21 07:37:28', 'userTest');
insert into article_comments (comment_body, article_id, user_id, created_at, created_by, modified_at, modified_by) values ('Proin eu mi.', 8, 2, '2022-02-28 05:44:56', 'userTest2', '2022-03-02 05:44:56', 'userTest2');
insert into article_comments (comment_body, article_id, user_id, created_at, created_by, modified_at, modified_by) values ('Integer ac leo. Pellentesque ultrices mattis odio.', 9, 1, '2022-10-02 18:49:07', 'userTest', '2022-10-04 18:49:07', 'userTest');
insert into article_comments (comment_body, article_id, user_id, created_at, created_by, modified_at, modified_by) values ('Pellentesque at nulla.', 10, 2, '2022-05-15 12:09:35', 'userTest2', '2022-05-17 12:09:35', 'userTest2');
insert into article_comments (comment_body, article_id, user_id, created_at, created_by, modified_at, modified_by) values ('Vestibulum sed magna at nunc commodo placerat.', 11, 1, '2022-07-16 13:04:30', 'userTest', '2022-07-18 13:04:30', 'userTest');
insert into article_comments (comment_body, article_id, user_id, created_at, created_by, modified_at, modified_by) values ('In hac habitasse platea dictumst. Etiam faucibus cursus urna.', 12, 2, '2022-04-26 06:36:03', 'userTest2', '2022-04-28 06:36:03', 'userTest2');
insert into article_comments (comment_body, article_id, user_id, created_at, created_by, modified_at, modified_by) values ('Proin interdum mauris non ligula pellentesque ultrices. Phasellus id sapien in sapien iaculis congue. Vivamus metus arcu, adipiscing molestie, hendrerit at, vulputate vitae, nisl.', 13, 1, '2021-12-07 03:55:18', 'userTest', '2021-12-09 03:55:18', 'userTest');
insert into article_comments (comment_body, article_id, user_id, created_at, created_by, modified_at, modified_by) values ('Sed sagittis. Nam congue, risus semper porta volutpat, quam pede lobortis ligula, sit amet eleifend pede libero quis orci.', 14, 2, '2022-02-27 22:26:11', 'userTest2', '2022-03-01 22:26:11', 'userTest2');
insert into article_comments (comment_body, article_id, user_id, created_at, created_by, modified_at, modified_by) values ('Vivamus vel nulla eget eros elementum pellentesque. Quisque porta volutpat erat.', 15, 1, '2021-11-23 16:05:30', 'userTest', '2021-11-25 16:05:30', 'userTest');
insert into article_comments (comment_body, article_id, user_id, created_at, created_by, modified_at, modified_by) values ('Cum sociis natoque penatibus et magnis dis parturient montes, nascetur ridiculus mus. Etiam vel augue.', 16, 2, '2022-05-08 08:28:23', 'userTest2', '2022-05-10 08:28:23', 'userTest2');
insert into article_comments (comment_body, article_id, user_id, created_at, created_by, modified_at, modified_by) values ('Integer ac neque. Duis bibendum.', 17, 1, '2021-10-19 09:44:37', 'userTest', '2021-10-21 09:44:37', 'userTest');
insert into article_comments (comment_body, article_id, user_id, created_at, created_by, modified_at, modified_by) values ('Nam nulla. Integer pede justo, lacinia eget, tincidunt eget, tempus vel, pede. Morbi porttitor lorem id ligula.', 18, 2, '2022-07-19 15:28:30', 'userTest2', '2022-07-21 15:28:30', 'userTest2');
insert into article_comments (comment_body, article_id, user_id, created_at, created_by, modified_at, modified_by) values ('Nam congue, risus semper porta volutpat, quam pede lobortis ligula, sit amet eleifend pede libero quis orci. Nullam molestie nibh in lectus.', 19, 1, '2022-06-19 06:19:29', 'userTest', '2022-06-21 06:19:29', 'userTest');
insert into article_comments (comment_body, article_id, user_id, created_at, created_by, modified_at, modified_by) values ('Vestibulum rutrum rutrum neque.', 20, 2, '2022-06-23 15:56:31', 'userTest2', '2022-06-25 15:56:31', 'userTest2');
insert into article_comments (comment_body, article_id, user_id, created_at, created_by, modified_at, modified_by) values ('Curabitur in libero ut massa volutpat convallis.', 21, 1, '2022-07-21 01:44:02', 'userTest', '2022-07-23 01:44:02', 'userTest');
insert into article_comments (comment_body, article_id, user_id, created_at, created_by, modified_at, modified_by) values ('In tempor, turpis nec euismod scelerisque, quam turpis adipiscing lorem, vitae mattis nibh ligula nec sem. Duis aliquam convallis nunc.', 22, 2, '2022-03-29 02:01:26', 'userTest2', '2022-03-31 02:01:26', 'userTest2');
insert into article_comments (comment_body, article_id, user_id, created_at, created_by, modified_at, modified_by) values ('Maecenas leo odio, condimentum id, luctus nec, molestie sed, justo. Pellentesque viverra pede ac diam.', 23, 1, '2022-05-22 07:22:16', 'userTest', '2022-05-24 07:22:16', 'userTest');
insert into article_comments (comment_body, article_id, user_id, created_at, created_by, modified_at, modified_by) values ('Donec posuere metus vitae ipsum.', 24, 2, '2022-03-25 04:52:24', 'userTest2', '2022-03-27 04:52:24', 'userTest2');
insert into article_comments (comment_body, article_id, user_id, created_at, created_by, modified_at, modified_by) values ('Aliquam erat volutpat. In congue.', 25, 1, '2022-10-06 00:28:38', 'userTest', '2022-10-08 00:28:38', 'userTest');
insert into article_comments (comment_body, article_id, user_id, created_at, created_by, modified_at, modified_by) values ('Nulla nisl. Nunc nisl. Duis bibendum, felis sed interdum venenatis, turpis enim blandit mi, in porttitor pede justo eu massa.', 26, 2, '2022-05-21 20:55:38', 'userTest2', '2022-05-23 20:55:38', 'userTest2');
insert into article_comments (comment_body, article_id, user_id, created_at, created_by, modified_at, modified_by) values ('In quis justo. Maecenas rhoncus aliquam lacus.', 27, 1, '2022-08-02 11:57:41', 'userTest', '2022-08-04 11:57:41', 'userTest');
insert into article_comments (comment_body, article_id, user_id, created_at, created_by, modified_at, modified_by) values ('Vestibulum ac est lacinia nisi venenatis tristique.', 28, 2, '2022-06-22 05:47:34', 'userTest2', '2022-06-24 05:47:34', 'userTest2');
insert into article_comments (comment_body, article_id, user_id, created_at, created_by, modified_at, modified_by) values ('Mauris sit amet eros. Suspendisse accumsan tortor quis turpis.', 29, 1, '2022-09-18 19:10:44', 'userTest', '2022-09-20 19:10:44', 'userTest');
insert into article_comments (comment_body, article_id, user_id, created_at, created_by, modified_at, modified_by) values ('Vestibulum ante ipsum primis in faucibus orci luctus et ultrices posuere cubilia Curae; Duis faucibus accumsan odio. Curabitur convallis.', 30, 2, '2022-08-11 18:40:23', 'userTest2', '2022-08-13 18:40:23', 'userTest2');
insert into article_comments (comment_body, article_id, user_id, created_at, created_by, modified_at, modified_by) values ('In blandit ultrices enim. Lorem ipsum dolor sit amet, consectetuer adipiscing elit.', 31, 1, '2022-08-07 08:49:00', 'userTest', '2022-08-09 08:49:00', 'userTest');
insert into article_comments (comment_body, article_id, user_id, created_at, created_by, modified_at, modified_by) values ('Suspendisse potenti. Cras in purus eu magna vulputate luctus.', 32, 2, '2022-01-19 03:06:48', 'userTest2', '2022-01-21 03:06:48', 'userTest2');
insert into article_comments (comment_body, article_id, user_id, created_at, created_by, modified_at, modified_by) values ('Nulla justo. Aliquam quis turpis eget elit sodales scelerisque.', 33, 1, '2022-03-27 18:09:17', 'userTest', '2022-03-29 18:09:17', 'userTest');
insert into article_comments (comment_body, article_id, user_id, created_at, created_by, modified_at, modified_by) values ('Integer aliquet, massa id lobortis convallis, tortor risus dapibus augue, vel accumsan tellus nisi eu orci. Mauris lacinia sapien quis libero.', 34, 2, '2022-10-14 18:12:59', 'userTest2', '2022-10-16 18:12:59', 'userTest2');
insert into article_comments (comment_body, article_id, user_id, created_at, created_by, modified_at, modified_by) values ('Sed vel enim sit amet nunc viverra dapibus.', 35, 1, '2022-09-06 17:02:07', 'userTest', '2022-09-08 17:02:07', 'userTest');
insert into article_comments (comment_body, article_id, user_id, created_at, created_by, modified_at, modified_by) values ('Nunc purus.', 36, 2, '2022-09-03 00:23:03', 'userTest2', '2022-09-05 00:23:03', 'userTest2');
insert into article_comments (comment_body, article_id, user_id, created_at, created_by, modified_at, modified_by) values ('Fusce posuere felis sed lacus. Morbi sem mauris, laoreet ut, rhoncus aliquet, pulvinar sed, nisl. Nunc rhoncus dui vel sem.', 37, 1, '2022-06-30 17:58:38', 'userTest', '2022-07-02 17:58:38', 'userTest');
insert into article_comments (comment_body, article_id, user_id, created_at, created_by, modified_at, modified_by) values ('Suspendisse potenti.', 38, 2, '2022-08-10 15:53:43', 'userTest2', '2022-08-12 15:53:43', 'userTest2');
insert into article_comments (comment_body, article_id, user_id, created_at, created_by, modified_at, modified_by) values ('Sed ante. Vivamus tortor.', 39, 1, '2022-10-10 16:13:24', 'userTest', '2022-10-12 16:13:24', 'userTest');
insert into article_comments (comment_body, article_id, user_id, created_at, created_by, modified_at, modified_by) values ('Mauris sit amet eros.', 40, 2, '2021-11-25 03:59:47', 'userTest2', '2021-11-27 03:59:47', 'userTest2');
insert into article_comments (comment_body, article_id, user_id, created_at, created_by, modified_at, modified_by) values ('Suspendisse potenti.', 41, 1, '2022-01-18 22:47:08', 'userTest', '2022-01-20 22:47:08', 'userTest');
insert into article_comments (comment_body, article_id, user_id, created_at, created_by, modified_at, modified_by) values ('In tempor, turpis nec euismod scelerisque, quam turpis adipiscing lorem, vitae mattis nibh ligula nec sem.', 42, 2, '2022-07-21 23:54:44', 'userTest2', '2022-07-23 23:54:44', 'userTest2');
insert into article_comments (comment_body, article_id, user_id, created_at, created_by, modified_at, modified_by) values ('Lorem ipsum dolor sit amet, consectetuer adipiscing elit.', 43, 1, '2022-04-03 23:40:21', 'userTest', '2022-04-05 23:40:21', 'userTest');
insert into article_comments (comment_body, article_id, user_id, created_at, created_by, modified_at, modified_by) values ('Duis consequat dui nec nisi volutpat eleifend.', 44, 2, '2022-01-16 08:39:29', 'userTest2', '2022-01-18 08:39:29', 'userTest2');
insert into article_comments (comment_body, article_id, user_id, created_at, created_by, modified_at, modified_by) values ('Sed sagittis. Nam congue, risus semper porta volutpat, quam pede lobortis ligula, sit amet eleifend pede libero quis orci. Nullam molestie nibh in lectus.', 45, 1, '2022-06-05 05:58:11', 'userTest', '2022-06-07 05:58:11', 'userTest');
insert into article_comments (comment_body, article_id, user_id, created_at, created_by, modified_at, modified_by) values ('Donec semper sapien a libero.', 46, 2, '2022-03-29 11:13:31', 'userTest2', '2022-03-31 11:13:31', 'userTest2');
insert into article_comments (comment_body, article_id, user_id, created_at, created_by, modified_at, modified_by) values ('Mauris lacinia sapien quis libero.', 47, 1, '2022-06-20 20:20:05', 'userTest', '2022-06-22 20:20:05', 'userTest');
insert into article_comments (comment_body, article_id, user_id, created_at, created_by, modified_at, modified_by) values ('Morbi sem mauris, laoreet ut, rhoncus aliquet, pulvinar sed, nisl. Nunc rhoncus dui vel sem. Sed sagittis.', 48, 2, '2022-01-28 02:35:27', 'userTest2', '2022-01-30 02:35:27', 'userTest2');
insert into article_comments (comment_body, article_id, user_id, created_at, created_by, modified_at, modified_by) values ('Duis consequat dui nec nisi volutpat eleifend. Donec ut dolor.', 49, 1, '2022-05-03 20:29:53', 'userTest', '2022-05-05 20:29:53', 'userTest');
insert into article_comments (comment_body, article_id, user_id, created_at, created_by, modified_at, modified_by) values ('Lorem ipsum dolor sit amet, consectetuer adipiscing elit. Proin risus.', 50, 2, '2021-11-23 07:48:26', 'userTest2', '2021-11-25 07:48:26', 'userTest2');
insert into article_comments (comment_body, article_id, user_id, created_at, created_by, modified_at, modified_by) values ('Donec odio justo, sollicitudin ut, suscipit a, feugiat et, eros. Vestibulum ac est lacinia nisi venenatis tristique. Fusce congue, diam id ornare imperdiet, sapien urna pretium nisl, ut volutpat sapien arcu sed augue.', 51, 1, '2022-05-18 06:32:18', 'userTest', '2022-05-20 06:32:18', 'userTest');
insert into article_comments (comment_body, article_id, user_id, created_at, created_by, modified_at, modified_by) values ('Vestibulum ante ipsum primis in faucibus orci luctus et ultrices posuere cubilia Curae; Mauris viverra diam vitae quam.', 52, 2, '2022-08-16 18:17:55', 'userTest2', '2022-08-18 18:17:55', 'userTest2');
insert into article_comments (comment_body, article_id, user_id, created_at, created_by, modified_at, modified_by) values ('Morbi vestibulum, velit id pretium iaculis, diam erat fermentum justo, nec condimentum neque sapien placerat ante. Nulla justo.', 53, 1, '2022-05-15 06:54:12', 'userTest', '2022-05-17 06:54:12', 'userTest');
insert into article_comments (comment_body, article_id, user_id, created_at, created_by, modified_at, modified_by) values ('Vivamus tortor.', 54, 2, '2022-05-11 12:26:30', 'userTest2', '2022-05-13 12:26:30', 'userTest2');
insert into article_comments (comment_body, article_id, user_id, created_at, created_by, modified_at, modified_by) values ('Cras non velit nec nisi vulputate nonummy. Maecenas tincidunt lacus at velit. Vivamus vel nulla eget eros elementum pellentesque.', 55, 1, '2022-06-07 02:09:25', 'userTest', '2022-06-09 02:09:25', 'userTest');
insert into article_comments (comment_body, article_id, user_id, created_at, created_by, modified_at, modified_by) values ('Pellentesque viverra pede ac diam.', 56, 2, '2022-06-30 18:24:33', 'userTest2', '2022-07-02 18:24:33', 'userTest2');
insert into article_comments (comment_body, article_id, user_id, created_at, created_by, modified_at, modified_by) values ('Vivamus metus arcu, adipiscing molestie, hendrerit at, vulputate vitae, nisl. Aenean lectus. Pellentesque eget nunc.', 57, 1, '2022-03-29 19:37:39', 'userTest', '2022-03-31 19:37:39', 'userTest');
insert into article_comments (comment_body, article_id, user_id, created_at, created_by, modified_at, modified_by) values ('Lorem ipsum dolor sit amet, consectetuer adipiscing elit.', 58, 2, '2022-10-03 16:40:21', 'userTest2', '2022-10-05 16:40:21', 'userTest2');
insert into article_comments (comment_body, article_id, user_id, created_at, created_by, modified_at, modified_by) values ('Nullam varius.', 59, 1, '2022-09-16 00:36:29', 'userTest', '2022-09-18 00:36:29', 'userTest');
insert into article_comments (comment_body, article_id, user_id, created_at, created_by, modified_at, modified_by) values ('Nunc nisl.', 60, 2, '2021-12-13 07:33:53', 'userTest2', '2021-12-15 07:33:53', 'userTest2');
insert into article_comments (comment_body, article_id, user_id, created_at, created_by, modified_at, modified_by) values ('Maecenas pulvinar lobortis est.', 61, 1, '2022-07-01 17:09:09', 'userTest', '2022-07-03 17:09:09', 'userTest');
insert into article_comments (comment_body, article_id, user_id, created_at, created_by, modified_at, modified_by) values ('Nulla suscipit ligula in lacus. Curabitur at ipsum ac tellus semper interdum. Mauris ullamcorper purus sit amet nulla.', 62, 2, '2021-12-25 05:37:42', 'userTest2', '2021-12-27 05:37:42', 'userTest2');
insert into article_comments (comment_body, article_id, user_id, created_at, created_by, modified_at, modified_by) values ('In eleifend quam a odio. In hac habitasse platea dictumst. Maecenas ut massa quis augue luctus tincidunt.', 63, 1, '2022-04-07 05:13:21', 'userTest', '2022-04-09 05:13:21', 'userTest');
insert into article_comments (comment_body, article_id, user_id, created_at, created_by, modified_at, modified_by) values ('Fusce posuere felis sed lacus. Morbi sem mauris, laoreet ut, rhoncus aliquet, pulvinar sed, nisl.', 64, 2, '2021-11-09 16:17:02', 'userTest2', '2021-11-11 16:17:02', 'userTest2');
insert into article_comments (comment_body, article_id, user_id, created_at, created_by, modified_at, modified_by) values ('Donec odio justo, sollicitudin ut, suscipit a, feugiat et, eros. Vestibulum ac est lacinia nisi venenatis tristique.', 65, 1, '2022-03-03 12:43:57', 'userTest', '2022-03-05 12:43:57', 'userTest');
insert into article_comments (comment_body, article_id, user_id, created_at, created_by, modified_at, modified_by) values ('Morbi odio odio, elementum eu, interdum eu, tincidunt in, leo. Maecenas pulvinar lobortis est.', 66, 2, '2022-02-18 14:25:05', 'userTest2', '2022-02-20 14:25:05', 'userTest2');
insert into article_comments (comment_body, article_id, user_id, created_at, created_by, modified_at, modified_by) values ('In hac habitasse platea dictumst.', 67, 1, '2022-07-01 04:49:18', 'userTest', '2022-07-03 04:49:18', 'userTest');
insert into article_comments (comment_body, article_id, user_id, created_at, created_by, modified_at, modified_by) values ('Nulla facilisi. Cras non velit nec nisi vulputate nonummy. Maecenas tincidunt lacus at velit.', 68, 2, '2022-04-01 05:41:12', 'userTest2', '2022-04-03 05:41:12', 'userTest2');
insert into article_comments (comment_body, article_id, user_id, created_at, created_by, modified_at, modified_by) values ('Etiam justo. Etiam pretium iaculis justo. In hac habitasse platea dictumst.', 69, 1, '2022-10-08 03:37:45', 'userTest', '2022-10-10 03:37:45', 'userTest');
insert into article_comments (comment_body, article_id, user_id, created_at, created_by, modified_at, modified_by) values ('Quisque porta volutpat erat. Quisque erat eros, viverra eget, congue eget, semper rutrum, nulla. Nunc purus.', 70, 2, '2022-04-22 23:24:36', 'userTest2', '2022-04-24 23:24:36', 'userTest2');
insert into article_comments (comment_body, article_id, user_id, created_at, created_by, modified_at, modified_by) values ('Nunc purus. Phasellus in felis.', 71, 1, '2022-10-01 13:31:23', 'userTest', '2022-10-03 13:31:23', 'userTest');
insert into article_comments (comment_body, article_id, user_id, created_at, created_by, modified_at, modified_by) values ('Duis consequat dui nec nisi volutpat eleifend.', 72, 2, '2022-02-03 17:34:24', 'userTest2', '2022-02-05 17:34:24', 'userTest2');
insert into article_comments (comment_body, article_id, user_id, created_at, created_by, modified_at, modified_by) values ('Vestibulum ante ipsum primis in faucibus orci luctus et ultrices posuere cubilia Curae; Nulla dapibus dolor vel est.', 73, 1, '2022-06-18 15:50:56', 'userTest', '2022-06-20 15:50:56', 'userTest');
insert into article_comments (comment_body, article_id, user_id, created_at, created_by, modified_at, modified_by) values ('Nulla suscipit ligula in lacus. Curabitur at ipsum ac tellus semper interdum. Mauris ullamcorper purus sit amet nulla.', 74, 2, '2021-10-22 04:50:54', 'userTest2', '2021-10-24 04:50:54', 'userTest2');
insert into article_comments (comment_body, article_id, user_id, created_at, created_by, modified_at, modified_by) values ('Suspendisse potenti.', 75, 1, '2022-06-05 14:01:48', 'userTest', '2022-06-07 14:01:48', 'userTest');
insert into article_comments (comment_body, article_id, user_id, created_at, created_by, modified_at, modified_by) values ('Nullam sit amet turpis elementum ligula vehicula consequat.', 76, 2, '2022-07-17 19:57:59', 'userTest2', '2022-07-19 19:57:59', 'userTest2');
insert into article_comments (comment_body, article_id, user_id, created_at, created_by, modified_at, modified_by) values ('Cras pellentesque volutpat dui. Maecenas tristique, est et tempus semper, est quam pharetra magna, ac consequat metus sapien ut nunc.', 77, 1, '2021-12-28 02:46:20', 'userTest', '2021-12-30 02:46:20', 'userTest');
insert into article_comments (comment_body, article_id, user_id, created_at, created_by, modified_at, modified_by) values ('Etiam justo.', 78, 2, '2022-09-23 07:07:43', 'userTest2', '2022-09-25 07:07:43', 'userTest2');
insert into article_comments (comment_body, article_id, user_id, created_at, created_by, modified_at, modified_by) values ('Integer aliquet, massa id lobortis convallis, tortor risus dapibus augue, vel accumsan tellus nisi eu orci. Mauris lacinia sapien quis libero. Nullam sit amet turpis elementum ligula vehicula consequat.', 79, 1, '2021-12-20 16:59:58', 'userTest', '2021-12-22 16:59:58', 'userTest');
insert into article_comments (comment_body, article_id, user_id, created_at, created_by, modified_at, modified_by) values ('Maecenas leo odio, condimentum id, luctus nec, molestie sed, justo.', 80, 2, '2022-09-08 11:06:10', 'userTest2', '2022-09-10 11:06:10', 'userTest2');
insert into article_comments (comment_body, article_id, user_id, created_at, created_by, modified_at, modified_by) values ('Proin eu mi.', 81, 1, '2022-04-28 07:33:49', 'userTest', '2022-04-30 07:33:49', 'userTest');
insert into article_comments (comment_body, article_id, user_id, created_at, created_by, modified_at, modified_by) values ('Fusce congue, diam id ornare imperdiet, sapien urna pretium nisl, ut volutpat sapien arcu sed augue.', 82, 2, '2022-05-12 09:36:13', 'userTest2', '2022-05-14 09:36:13', 'userTest2');
insert into article_comments (comment_body, article_id, user_id, created_at, created_by, modified_at, modified_by) values ('Morbi quis tortor id nulla ultrices aliquet. Maecenas leo odio, condimentum id, luctus nec, molestie sed, justo. Pellentesque viverra pede ac diam.', 83, 1, '2022-06-03 12:02:44', 'userTest', '2022-06-05 12:02:44', 'userTest');
insert into article_comments (comment_body, article_id, user_id, created_at, created_by, modified_at, modified_by) values ('Sed accumsan felis. Ut at dolor quis odio consequat varius. Integer ac leo.', 84, 2, '2022-08-26 09:50:34', 'userTest2', '2022-08-28 09:50:34', 'userTest2');
insert into article_comments (comment_body, article_id, user_id, created_at, created_by, modified_at, modified_by) values ('Donec odio justo, sollicitudin ut, suscipit a, feugiat et, eros. Vestibulum ac est lacinia nisi venenatis tristique.', 85, 1, '2021-12-17 01:09:51', 'userTest', '2021-12-19 01:09:51', 'userTest');
insert into article_comments (comment_body, article_id, user_id, created_at, created_by, modified_at, modified_by) values ('Phasellus id sapien in sapien iaculis congue. Vivamus metus arcu, adipiscing molestie, hendrerit at, vulputate vitae, nisl. Aenean lectus.', 86, 2, '2022-09-24 21:20:34', 'userTest2', '2022-09-26 21:20:34', 'userTest2');
insert into article_comments (comment_body, article_id, user_id, created_at, created_by, modified_at, modified_by) values ('Donec odio justo, sollicitudin ut, suscipit a, feugiat et, eros. Vestibulum ac est lacinia nisi venenatis tristique. Fusce congue, diam id ornare imperdiet, sapien urna pretium nisl, ut volutpat sapien arcu sed augue.', 87, 1, '2022-02-03 08:24:25', 'userTest', '2022-02-05 08:24:25', 'userTest');
insert into article_comments (comment_body, article_id, user_id, created_at, created_by, modified_at, modified_by) values ('Maecenas rhoncus aliquam lacus.', 88, 2, '2021-12-28 23:17:02', 'userTest2', '2021-12-30 23:17:02', 'userTest2');
insert into article_comments (comment_body, article_id, user_id, created_at, created_by, modified_at, modified_by) values ('Quisque id justo sit amet sapien dignissim vestibulum. Vestibulum ante ipsum primis in faucibus orci luctus et ultrices posuere cubilia Curae; Nulla dapibus dolor vel est. Donec odio justo, sollicitudin ut, suscipit a, feugiat et, eros.', 89, 1, '2022-04-30 02:17:10', 'userTest', '2022-05-02 02:17:10', 'userTest');
insert into article_comments (comment_body, article_id, user_id, created_at, created_by, modified_at, modified_by) values ('Cras pellentesque volutpat dui. Maecenas tristique, est et tempus semper, est quam pharetra magna, ac consequat metus sapien ut nunc.', 90, 2, '2022-10-01 00:50:06', 'userTest2', '2022-10-03 00:50:06', 'userTest2');
insert into article_comments (comment_body, article_id, user_id, created_at, created_by, modified_at, modified_by) values ('In blandit ultrices enim.', 91, 1, '2022-03-12 17:05:28', 'userTest', '2022-03-14 17:05:28', 'userTest');
insert into article_comments (comment_body, article_id, user_id, created_at, created_by, modified_at, modified_by) values ('Suspendisse accumsan tortor quis turpis. Sed ante. Vivamus tortor.', 92, 2, '2022-09-28 01:36:27', 'userTest2', '2022-09-30 01:36:27', 'userTest2');
insert into article_comments (comment_body, article_id, user_id, created_at, created_by, modified_at, modified_by) values ('Vestibulum ac est lacinia nisi venenatis tristique. Fusce congue, diam id ornare imperdiet, sapien urna pretium nisl, ut volutpat sapien arcu sed augue. Aliquam erat volutpat.', 93, 1, '2021-11-03 02:19:41', 'userTest', '2021-11-05 02:19:41', 'userTest');
insert into article_comments (comment_body, article_id, user_id, created_at, created_by, modified_at, modified_by) values ('Integer a nibh. In quis justo. Maecenas rhoncus aliquam lacus.', 94, 2, '2022-02-22 02:49:35', 'userTest2', '2022-02-24 02:49:35', 'userTest2');
insert into article_comments (comment_body, article_id, user_id, created_at, created_by, modified_at, modified_by) values ('Lorem ipsum dolor sit amet, consectetuer adipiscing elit. Proin interdum mauris non ligula pellentesque ultrices.', 95, 1, '2022-02-23 12:18:56', 'userTest', '2022-02-25 12:18:56', 'userTest');
insert into article_comments (comment_body, article_id, user_id, created_at, created_by, modified_at, modified_by) values ('Etiam faucibus cursus urna. Ut tellus. Nulla ut erat id mauris vulputate elementum.', 96, 2, '2022-03-19 13:58:08', 'userTest2', '2022-03-21 13:58:08', 'userTest2');
insert into article_comments (comment_body, article_id, user_id, created_at, created_by, modified_at, modified_by) values ('Duis bibendum, felis sed interdum venenatis, turpis enim blandit mi, in porttitor pede justo eu massa.', 97, 1, '2021-10-19 18:52:05', 'userTest', '2021-10-21 18:52:05', 'userTest');
insert into article_comments (comment_body, article_id, user_id, created_at, created_by, modified_at, modified_by) values ('Vestibulum ante ipsum primis in faucibus orci luctus et ultrices posuere cubilia Curae; Duis faucibus accumsan odio. Curabitur convallis. Duis consequat dui nec nisi volutpat eleifend.', 98, 2, '2021-11-29 04:26:27', 'userTest2', '2021-12-01 04:26:27', 'userTest2');
insert into article_comments (comment_body, article_id, user_id, created_at, created_by, modified_at, modified_by) values ('Maecenas leo odio, condimentum id, luctus nec, molestie sed, justo.', 99, 1, '2022-02-09 06:38:24', 'userTest', '2022-02-11 06:38:24', 'userTest');
insert into article_comments (comment_body, article_id, user_id, created_at, created_by, modified_at, modified_by) values ('Vestibulum rutrum rutrum neque. Aenean auctor gravida sem.', 100, 2, '2022-04-09 11:03:01', 'userTest2', '2022-04-11 11:03:01', 'userTest2');
insert into article_comments (comment_body, article_id, user_id, created_at, created_by, modified_at, modified_by) values ('Pellentesque eget nunc. Donec quis orci eget orci vehicula condimentum. Curabitur in libero ut massa volutpat convallis.', 1, 1, '2021-11-17 07:14:13', 'userTest', '2021-11-19 07:14:13', 'userTest');
insert into article_comments (comment_body, article_id, user_id, created_at, created_by, modified_at, modified_by) values ('Morbi non lectus. Aliquam sit amet diam in magna bibendum imperdiet.', 2, 2, '2022-03-04 01:55:40', 'userTest2', '2022-03-06 01:55:40', 'userTest2');
insert into article_comments (comment_body, article_id, user_id, created_at, created_by, modified_at, modified_by) values ('Mauris ullamcorper purus sit amet nulla. Quisque arcu libero, rutrum ac, lobortis vel, dapibus at, diam.', 3, 1, '2022-04-14 12:13:48', 'userTest', '2022-04-16 12:13:48', 'userTest');
insert into article_comments (comment_body, article_id, user_id, created_at, created_by, modified_at, modified_by) values ('Duis ac nibh. Fusce lacus purus, aliquet at, feugiat non, pretium quis, lectus.', 4, 2, '2022-07-03 23:37:23', 'userTest2', '2022-07-05 23:37:23', 'userTest2');
insert into article_comments (comment_body, article_id, user_id, created_at, created_by, modified_at, modified_by) values ('Pellentesque viverra pede ac diam.', 5, 1, '2022-07-28 01:22:40', 'userTest', '2022-07-30 01:22:40', 'userTest');
insert into article_comments (comment_body, article_id, user_id, created_at, created_by, modified_at, modified_by) values ('Proin leo odio, porttitor id, consequat in, consequat ut, nulla. Sed accumsan felis.', 6, 2, '2022-04-23 06:47:20', 'userTest2', '2022-04-25 06:47:20', 'userTest2');
insert into article_comments (comment_body, article_id, user_id, created_at, created_by, modified_at, modified_by) values ('Morbi odio odio, elementum eu, interdum eu, tincidunt in, leo.', 7, 1, '2022-06-15 04:38:08', 'userTest', '2022-06-17 04:38:08', 'userTest');
insert into article_comments (comment_body, article_id, user_id, created_at, created_by, modified_at, modified_by) values ('Donec quis orci eget orci vehicula condimentum.', 8, 2, '2022-09-02 06:59:04', 'userTest2', '2022-09-04 06:59:04', 'userTest2');
insert into article_comments (comment_body, article_id, user_id, created_at, created_by, modified_at, modified_by) values ('Etiam vel augue. Vestibulum rutrum rutrum neque.', 9, 1, '2022-08-29 21:26:40', 'userTest', '2022-08-31 21:26:40', 'userTest');
insert into article_comments (comment_body, article_id, user_id, created_at, created_by, modified_at, modified_by) values ('Maecenas tristique, est et tempus semper, est quam pharetra magna, ac consequat metus sapien ut nunc. Vestibulum ante ipsum primis in faucibus orci luctus et ultrices posuere cubilia Curae; Mauris viverra diam vitae quam. Suspendisse potenti.', 10, 2, '2021-12-27 20:17:17', 'userTest2', '2021-12-29 20:17:17', 'userTest2');
insert into article_comments (comment_body, article_id, user_id, created_at, created_by, modified_at, modified_by) values ('Vestibulum quam sapien, varius ut, blandit non, interdum in, ante. Vestibulum ante ipsum primis in faucibus orci luctus et ultrices posuere cubilia Curae; Duis faucibus accumsan odio.', 11, 1, '2022-03-15 02:55:09', 'userTest', '2022-03-17 02:55:09', 'userTest');
insert into article_comments (comment_body, article_id, user_id, created_at, created_by, modified_at, modified_by) values ('Morbi odio odio, elementum eu, interdum eu, tincidunt in, leo. Maecenas pulvinar lobortis est.', 12, 2, '2021-12-07 02:37:36', 'userTest2', '2021-12-09 02:37:36', 'userTest2');
insert into article_comments (comment_body, article_id, user_id, created_at, created_by, modified_at, modified_by) values ('Mauris sit amet eros.', 13, 1, '2022-01-24 10:21:15', 'userTest', '2022-01-26 10:21:15', 'userTest');
insert into article_comments (comment_body, article_id, user_id, created_at, created_by, modified_at, modified_by) values ('Morbi vel lectus in quam fringilla rhoncus. Mauris enim leo, rhoncus sed, vestibulum sit amet, cursus id, turpis. Integer aliquet, massa id lobortis convallis, tortor risus dapibus augue, vel accumsan tellus nisi eu orci.', 14, 2, '2022-10-03 19:07:50', 'userTest2', '2022-10-05 19:07:50', 'userTest2');
insert into article_comments (comment_body, article_id, user_id, created_at, created_by, modified_at, modified_by) values ('Duis bibendum. Morbi non quam nec dui luctus rutrum.', 15, 1, '2022-07-24 16:17:01', 'userTest', '2022-07-26 16:17:01', 'userTest');
insert into article_comments (comment_body, article_id, user_id, created_at, created_by, modified_at, modified_by) values ('Suspendisse accumsan tortor quis turpis. Sed ante.', 16, 2, '2022-01-14 17:07:29', 'userTest2', '2022-01-16 17:07:29', 'userTest2');
insert into article_comments (comment_body, article_id, user_id, created_at, created_by, modified_at, modified_by) values ('Sed accumsan felis. Ut at dolor quis odio consequat varius.', 17, 1, '2022-03-17 22:41:14', 'userTest', '2022-03-19 22:41:14', 'userTest');
insert into article_comments (comment_body, article_id, user_id, created_at, created_by, modified_at, modified_by) values ('Aliquam non mauris.', 18, 2, '2022-01-20 23:25:14', 'userTest2', '2022-01-22 23:25:14', 'userTest2');
insert into article_comments (comment_body, article_id, user_id, created_at, created_by, modified_at, modified_by) values ('Nam congue, risus semper porta volutpat, quam pede lobortis ligula, sit amet eleifend pede libero quis orci. Nullam molestie nibh in lectus. Pellentesque at nulla.', 19, 1, '2022-06-10 07:58:54', 'userTest', '2022-06-12 07:58:54', 'userTest');
insert into article_comments (comment_body, article_id, user_id, created_at, created_by, modified_at, modified_by) values ('Nullam sit amet turpis elementum ligula vehicula consequat.', 20, 2, '2022-06-11 06:13:43', 'userTest2', '2022-06-13 06:13:43', 'userTest2');
insert into article_comments (comment_body, article_id, user_id, created_at, created_by, modified_at, modified_by) values ('In est risus, auctor sed, tristique in, tempus sit amet, sem. Fusce consequat.', 21, 1, '2022-05-17 03:41:54', 'userTest', '2022-05-19 03:41:54', 'userTest');
insert into article_comments (comment_body, article_id, user_id, created_at, created_by, modified_at, modified_by) values ('Proin leo odio, porttitor id, consequat in, consequat ut, nulla. Sed accumsan felis.', 22, 2, '2021-12-25 20:54:46', 'userTest2', '2021-12-27 20:54:46', 'userTest2');
insert into article_comments (comment_body, article_id, user_id, created_at, created_by, modified_at, modified_by) values ('Maecenas tincidunt lacus at velit. Vivamus vel nulla eget eros elementum pellentesque. Quisque porta volutpat erat.', 23, 1, '2022-05-19 05:19:11', 'userTest', '2022-05-21 05:19:11', 'userTest');
insert into article_comments (comment_body, article_id, user_id, created_at, created_by, modified_at, modified_by) values ('Curabitur convallis. Duis consequat dui nec nisi volutpat eleifend. Donec ut dolor.', 24, 2, '2022-09-12 22:22:46', 'userTest2', '2022-09-14 22:22:46', 'userTest2');
insert into article_comments (comment_body, article_id, user_id, created_at, created_by, modified_at, modified_by) values ('Duis at velit eu est congue elementum. In hac habitasse platea dictumst. Morbi vestibulum, velit id pretium iaculis, diam erat fermentum justo, nec condimentum neque sapien placerat ante.', 25, 1, '2022-08-08 23:06:18', 'userTest', '2022-08-10 23:06:18', 'userTest');
insert into article_comments (comment_body, article_id, user_id, created_at, created_by, modified_at, modified_by) values ('Nulla nisl. Nunc nisl.', 26, 2, '2022-07-28 04:58:24', 'userTest2', '2022-07-30 04:58:24', 'userTest2');
insert into article_comments (comment_body, article_id, user_id, created_at, created_by, modified_at, modified_by) values ('Integer aliquet, massa id lobortis convallis, tortor risus dapibus augue, vel accumsan tellus nisi eu orci.', 27, 1, '2022-03-27 23:34:43', 'userTest', '2022-03-29 23:34:43', 'userTest');
insert into article_comments (comment_body, article_id, user_id, created_at, created_by, modified_at, modified_by) values ('Nulla tempus.', 28, 2, '2022-04-15 08:40:39', 'userTest2', '2022-04-17 08:40:39', 'userTest2');
insert into article_comments (comment_body, article_id, user_id, created_at, created_by, modified_at, modified_by) values ('Integer non velit.', 29, 1, '2022-04-05 21:50:11', 'userTest', '2022-04-07 21:50:11', 'userTest');
insert into article_comments (comment_body, article_id, user_id, created_at, created_by, modified_at, modified_by) values ('Duis ac nibh. Fusce lacus purus, aliquet at, feugiat non, pretium quis, lectus. Suspendisse potenti.', 30, 2, '2022-09-09 20:01:58', 'userTest2', '2022-09-11 20:01:58', 'userTest2');
insert into article_comments (comment_body, article_id, user_id, created_at, created_by, modified_at, modified_by) values ('Suspendisse potenti.', 31, 1, '2022-05-03 14:33:28', 'userTest', '2022-05-05 14:33:28', 'userTest');
insert into article_comments (comment_body, article_id, user_id, created_at, created_by, modified_at, modified_by) values ('Donec vitae nisi. Nam ultrices, libero non mattis pulvinar, nulla pede ullamcorper augue, a suscipit nulla elit ac nulla.', 32, 2, '2021-11-27 05:43:36', 'userTest2', '2021-11-29 05:43:36', 'userTest2');
insert into article_comments (comment_body, article_id, user_id, created_at, created_by, modified_at, modified_by) values ('Morbi vel lectus in quam fringilla rhoncus. Mauris enim leo, rhoncus sed, vestibulum sit amet, cursus id, turpis.', 33, 1, '2022-03-31 04:44:35', 'userTest', '2022-04-02 04:44:35', 'userTest');
insert into article_comments (comment_body, article_id, user_id, created_at, created_by, modified_at, modified_by) values ('Duis at velit eu est congue elementum.', 34, 2, '2022-09-11 03:15:29', 'userTest2', '2022-09-13 03:15:29', 'userTest2');
insert into article_comments (comment_body, article_id, user_id, created_at, created_by, modified_at, modified_by) values ('Integer pede justo, lacinia eget, tincidunt eget, tempus vel, pede.', 35, 1, '2022-08-08 20:11:19', 'userTest', '2022-08-10 20:11:19', 'userTest');
insert into article_comments (comment_body, article_id, user_id, created_at, created_by, modified_at, modified_by) values ('Curabitur at ipsum ac tellus semper interdum. Mauris ullamcorper purus sit amet nulla.', 36, 2, '2022-06-17 06:01:02', 'userTest2', '2022-06-19 06:01:02', 'userTest2');
insert into article_comments (comment_body, article_id, user_id, created_at, created_by, modified_at, modified_by) values ('In sagittis dui vel nisl. Duis ac nibh.', 37, 1, '2022-10-13 06:52:44', 'userTest', '2022-10-15 06:52:44', 'userTest');
insert into article_comments (comment_body, article_id, user_id, created_at, created_by, modified_at, modified_by) values ('Ut tellus.', 38, 2, '2022-07-05 13:19:45', 'userTest2', '2022-07-07 13:19:45', 'userTest2');
insert into article_comments (comment_body, article_id, user_id, created_at, created_by, modified_at, modified_by) values ('Nunc rhoncus dui vel sem. Sed sagittis.', 39, 1, '2022-09-20 05:29:30', 'userTest', '2022-09-22 05:29:30', 'userTest');
insert into article_comments (comment_body, article_id, user_id, created_at, created_by, modified_at, modified_by) values ('Maecenas rhoncus aliquam lacus.', 40, 2, '2022-07-17 21:48:32', 'userTest2', '2022-07-19 21:48:32', 'userTest2');
insert into article_comments (comment_body, article_id, user_id, created_at, created_by, modified_at, modified_by) values ('Vestibulum ac est lacinia nisi venenatis tristique. Fusce congue, diam id ornare imperdiet, sapien urna pretium nisl, ut volutpat sapien arcu sed augue. Aliquam erat volutpat.', 41, 1, '2022-01-10 17:48:23', 'userTest', '2022-01-12 17:48:23', 'userTest');
insert into article_comments (comment_body, article_id, user_id, created_at, created_by, modified_at, modified_by) values ('Ut at dolor quis odio consequat varius. Integer ac leo. Pellentesque ultrices mattis odio.', 42, 2, '2022-03-22 18:04:30', 'userTest2', '2022-03-24 18:04:30', 'userTest2');
insert into article_comments (comment_body, article_id, user_id, created_at, created_by, modified_at, modified_by) values ('Suspendisse potenti. Cras in purus eu magna vulputate luctus. Cum sociis natoque penatibus et magnis dis parturient montes, nascetur ridiculus mus.', 43, 1, '2022-09-29 15:46:12', 'userTest', '2022-10-01 15:46:12', 'userTest');
insert into article_comments (comment_body, article_id, user_id, created_at, created_by, modified_at, modified_by) values ('Cras mi pede, malesuada in, imperdiet et, commodo vulputate, justo. In blandit ultrices enim. Lorem ipsum dolor sit amet, consectetuer adipiscing elit.', 44, 2, '2022-06-23 22:40:27', 'userTest2', '2022-06-25 22:40:27', 'userTest2');
insert into article_comments (comment_body, article_id, user_id, created_at, created_by, modified_at, modified_by) values ('Nam congue, risus semper porta volutpat, quam pede lobortis ligula, sit amet eleifend pede libero quis orci.', 45, 1, '2022-05-24 17:24:30', 'userTest', '2022-05-26 17:24:30', 'userTest');
insert into article_comments (comment_body, article_id, user_id, created_at, created_by, modified_at, modified_by) values ('Mauris ullamcorper purus sit amet nulla. Quisque arcu libero, rutrum ac, lobortis vel, dapibus at, diam.', 46, 2, '2022-06-10 10:09:13', 'userTest2', '2022-06-12 10:09:13', 'userTest2');
insert into article_comments (comment_body, article_id, user_id, created_at, created_by, modified_at, modified_by) values ('Vestibulum ante ipsum primis in faucibus orci luctus et ultrices posuere cubilia Curae; Donec pharetra, magna vestibulum aliquet ultrices, erat tortor sollicitudin mi, sit amet lobortis sapien sapien non mi. Integer ac neque.', 47, 1, '2022-01-05 10:36:09', 'userTest', '2022-01-07 10:36:09', 'userTest');
insert into article_comments (comment_body, article_id, user_id, created_at, created_by, modified_at, modified_by) values ('Integer tincidunt ante vel ipsum.', 48, 2, '2022-08-25 21:52:44', 'userTest2', '2022-08-27 21:52:44', 'userTest2');
insert into article_comments (comment_body, article_id, user_id, created_at, created_by, modified_at, modified_by) values ('Fusce lacus purus, aliquet at, feugiat non, pretium quis, lectus. Suspendisse potenti. In eleifend quam a odio.', 49, 1, '2022-10-06 11:54:19', 'userTest', '2022-10-08 11:54:19', 'userTest');
insert into article_comments (comment_body, article_id, user_id, created_at, created_by, modified_at, modified_by) values ('Mauris sit amet eros. Suspendisse accumsan tortor quis turpis.', 50, 2, '2021-12-24 14:52:34', 'userTest2', '2021-12-26 14:52:34', 'userTest2');
insert into article_comments (comment_body, article_id, user_id, created_at, created_by, modified_at, modified_by) values ('In hac habitasse platea dictumst. Etiam faucibus cursus urna. Ut tellus.', 51, 1, '2022-09-30 14:17:27', 'userTest', '2022-10-02 14:17:27', 'userTest');
insert into article_comments (comment_body, article_id, user_id, created_at, created_by, modified_at, modified_by) values ('Aenean fermentum.', 52, 2, '2021-12-11 07:39:45', 'userTest2', '2021-12-13 07:39:45', 'userTest2');
insert into article_comments (comment_body, article_id, user_id, created_at, created_by, modified_at, modified_by) values ('Nulla facilisi. Cras non velit nec nisi vulputate nonummy.', 53, 1, '2022-04-01 08:35:34', 'userTest', '2022-04-03 08:35:34', 'userTest');
insert into article_comments (comment_body, article_id, user_id, created_at, created_by, modified_at, modified_by) values ('Donec dapibus. Duis at velit eu est congue elementum.', 54, 2, '2022-02-21 04:03:19', 'userTest2', '2022-02-23 04:03:19', 'userTest2');
insert into article_comments (comment_body, article_id, user_id, created_at, created_by, modified_at, modified_by) values ('Morbi vestibulum, velit id pretium iaculis, diam erat fermentum justo, nec condimentum neque sapien placerat ante.', 55, 1, '2022-01-31 04:00:23', 'userTest', '2022-02-02 04:00:23', 'userTest');
insert into article_comments (comment_body, article_id, user_id, created_at, created_by, modified_at, modified_by) values ('Vivamus tortor.', 56, 2, '2021-11-24 12:06:02', 'userTest2', '2021-11-26 12:06:02', 'userTest2');
insert into article_comments (comment_body, article_id, user_id, created_at, created_by, modified_at, modified_by) values ('Maecenas ut massa quis augue luctus tincidunt.', 57, 1, '2022-07-06 09:52:03', 'userTest', '2022-07-08 09:52:03', 'userTest');
insert into article_comments (comment_body, article_id, user_id, created_at, created_by, modified_at, modified_by) values ('Integer ac leo. Pellentesque ultrices mattis odio. Donec vitae nisi.', 58, 2, '2022-10-03 11:56:05', 'userTest2', '2022-10-05 11:56:05', 'userTest2');
insert into article_comments (comment_body, article_id, user_id, created_at, created_by, modified_at, modified_by) values ('Vestibulum ante ipsum primis in faucibus orci luctus et ultrices posuere cubilia Curae; Duis faucibus accumsan odio. Curabitur convallis. Duis consequat dui nec nisi volutpat eleifend.', 59, 1, '2022-04-09 10:28:30', 'userTest', '2022-04-11 10:28:30', 'userTest');
insert into article_comments (comment_body, article_id, user_id, created_at, created_by, modified_at, modified_by) values ('In est risus, auctor sed, tristique in, tempus sit amet, sem. Fusce consequat. Nulla nisl.', 60, 2, '2021-11-16 00:16:13', 'userTest2', '2021-11-18 00:16:13', 'userTest2');
insert into article_comments (comment_body, article_id, user_id, created_at, created_by, modified_at, modified_by) values ('Aenean fermentum. Donec ut mauris eget massa tempor convallis. Nulla neque libero, convallis eget, eleifend luctus, ultricies eu, nibh.', 61, 1, '2022-08-01 21:19:30', 'userTest', '2022-08-03 21:19:30', 'userTest');
insert into article_comments (comment_body, article_id, user_id, created_at, created_by, modified_at, modified_by) values ('In hac habitasse platea dictumst. Aliquam augue quam, sollicitudin vitae, consectetuer eget, rutrum at, lorem. Integer tincidunt ante vel ipsum.', 62, 2, '2022-02-27 23:48:58', 'userTest2', '2022-03-01 23:48:58', 'userTest2');
insert into article_comments (comment_body, article_id, user_id, created_at, created_by, modified_at, modified_by) values ('Vivamus vel nulla eget eros elementum pellentesque. Quisque porta volutpat erat. Quisque erat eros, viverra eget, congue eget, semper rutrum, nulla.', 63, 1, '2022-01-27 12:03:32', 'userTest', '2022-01-29 12:03:32', 'userTest');
insert into article_comments (comment_body, article_id, user_id, created_at, created_by, modified_at, modified_by) values ('Nullam porttitor lacus at turpis. Donec posuere metus vitae ipsum. Aliquam non mauris.', 64, 2, '2022-09-21 23:41:12', 'userTest2', '2022-09-23 23:41:12', 'userTest2');
insert into article_comments (comment_body, article_id, user_id, created_at, created_by, modified_at, modified_by) values ('Morbi ut odio. Cras mi pede, malesuada in, imperdiet et, commodo vulputate, justo. In blandit ultrices enim.', 65, 1, '2022-07-17 21:42:31', 'userTest', '2022-07-19 21:42:31', 'userTest');
insert into article_comments (comment_body, article_id, user_id, created_at, created_by, modified_at, modified_by) values ('Nunc purus.', 66, 2, '2022-04-03 19:00:32', 'userTest2', '2022-04-05 19:00:32', 'userTest2');
insert into article_comments (comment_body, article_id, user_id, created_at, created_by, modified_at, modified_by) values ('Fusce consequat. Nulla nisl. Nunc nisl.', 67, 1, '2022-10-14 02:15:53', 'userTest', '2022-10-16 02:15:53', 'userTest');
insert into article_comments (comment_body, article_id, user_id, created_at, created_by, modified_at, modified_by) values ('Fusce posuere felis sed lacus. Morbi sem mauris, laoreet ut, rhoncus aliquet, pulvinar sed, nisl.', 68, 2, '2022-05-18 02:17:50', 'userTest2', '2022-05-20 02:17:50', 'userTest2');
insert into article_comments (comment_body, article_id, user_id, created_at, created_by, modified_at, modified_by) values ('Nulla suscipit ligula in lacus.', 69, 1, '2022-06-24 07:46:04', 'userTest', '2022-06-26 07:46:04', 'userTest');
insert into article_comments (comment_body, article_id, user_id, created_at, created_by, modified_at, modified_by) values ('Vivamus vel nulla eget eros elementum pellentesque. Quisque porta volutpat erat.', 70, 2, '2021-11-06 17:13:53', 'userTest2', '2021-11-08 17:13:53', 'userTest2');
insert into article_comments (comment_body, article_id, user_id, created_at, created_by, modified_at, modified_by) values ('Lorem ipsum dolor sit amet, consectetuer adipiscing elit. Proin interdum mauris non ligula pellentesque ultrices.', 71, 1, '2022-02-05 21:54:16', 'userTest', '2022-02-07 21:54:16', 'userTest');
insert into article_comments (comment_body, article_id, user_id, created_at, created_by, modified_at, modified_by) values ('Morbi vestibulum, velit id pretium iaculis, diam erat fermentum justo, nec condimentum neque sapien placerat ante. Nulla justo. Aliquam quis turpis eget elit sodales scelerisque.', 72, 2, '2022-07-07 05:00:20', 'userTest2', '2022-07-09 05:00:20', 'userTest2');
insert into article_comments (comment_body, article_id, user_id, created_at, created_by, modified_at, modified_by) values ('Praesent blandit lacinia erat. Vestibulum sed magna at nunc commodo placerat. Praesent blandit.', 73, 1, '2022-06-05 19:34:31', 'userTest', '2022-06-07 19:34:31', 'userTest');
insert into article_comments (comment_body, article_id, user_id, created_at, created_by, modified_at, modified_by) values ('Quisque ut erat. Curabitur gravida nisi at nibh. In hac habitasse platea dictumst.', 74, 2, '2022-10-03 10:57:40', 'userTest2', '2022-10-05 10:57:40', 'userTest2');
insert into article_comments (comment_body, article_id, user_id, created_at, created_by, modified_at, modified_by) values ('Nulla suscipit ligula in lacus. Curabitur at ipsum ac tellus semper interdum.', 75, 1, '2021-11-08 10:00:26', 'userTest', '2021-11-10 10:00:26', 'userTest');
insert into article_comments (comment_body, article_id, user_id, created_at, created_by, modified_at, modified_by) values ('In tempor, turpis nec euismod scelerisque, quam turpis adipiscing lorem, vitae mattis nibh ligula nec sem.', 76, 2, '2021-11-01 23:53:07', 'userTest2', '2021-11-03 23:53:07', 'userTest2');
insert into article_comments (comment_body, article_id, user_id, created_at, created_by, modified_at, modified_by) values ('Praesent id massa id nisl venenatis lacinia. Aenean sit amet justo.', 77, 1, '2022-01-27 20:53:36', 'userTest', '2022-01-29 20:53:36', 'userTest');
insert into article_comments (comment_body, article_id, user_id, created_at, created_by, modified_at, modified_by) values ('Vestibulum quam sapien, varius ut, blandit non, interdum in, ante.', 78, 2, '2022-04-08 21:45:00', 'userTest2', '2022-04-10 21:45:00', 'userTest2');
insert into article_comments (comment_body, article_id, user_id, created_at, created_by, modified_at, modified_by) values ('Nunc purus. Phasellus in felis. Donec semper sapien a libero.', 79, 1, '2022-09-21 23:59:27', 'userTest', '2022-09-23 23:59:27', 'userTest');
insert into article_comments (comment_body, article_id, user_id, created_at, created_by, modified_at, modified_by) values ('Proin eu mi. Nulla ac enim.', 80, 2, '2022-07-12 08:53:42', 'userTest2', '2022-07-14 08:53:42', 'userTest2');
insert into article_comments (comment_body, article_id, user_id, created_at, created_by, modified_at, modified_by) values ('Proin eu mi.', 81, 1, '2022-03-09 20:51:54', 'userTest', '2022-03-11 20:51:54', 'userTest');
insert into article_comments (comment_body, article_id, user_id, created_at, created_by, modified_at, modified_by) values ('Morbi ut odio. Cras mi pede, malesuada in, imperdiet et, commodo vulputate, justo. In blandit ultrices enim.', 82, 2, '2022-06-12 03:46:34', 'userTest2', '2022-06-14 03:46:34', 'userTest2');
insert into article_comments (comment_body, article_id, user_id, created_at, created_by, modified_at, modified_by) values ('Aenean lectus.', 83, 1, '2022-08-25 08:49:34', 'userTest', '2022-08-27 08:49:34', 'userTest');
insert into article_comments (comment_body, article_id, user_id, created_at, created_by, modified_at, modified_by) values ('Aenean lectus. Pellentesque eget nunc. Donec quis orci eget orci vehicula condimentum.', 84, 2, '2022-01-23 06:44:54', 'userTest2', '2022-01-25 06:44:54', 'userTest2');
insert into article_comments (comment_body, article_id, user_id, created_at, created_by, modified_at, modified_by) values ('Nunc purus.', 85, 1, '2022-03-08 02:11:31', 'userTest', '2022-03-10 02:11:31', 'userTest');
insert into article_comments (comment_body, article_id, user_id, created_at, created_by, modified_at, modified_by) values ('Mauris lacinia sapien quis libero. Nullam sit amet turpis elementum ligula vehicula consequat.', 86, 2, '2021-11-19 18:14:37', 'userTest2', '2021-11-21 18:14:37', 'userTest2');
insert into article_comments (comment_body, article_id, user_id, created_at, created_by, modified_at, modified_by) values ('Nulla facilisi.', 87, 1, '2022-08-18 19:37:16', 'userTest', '2022-08-20 19:37:16', 'userTest');
insert into article_comments (comment_body, article_id, user_id, created_at, created_by, modified_at, modified_by) values ('Etiam faucibus cursus urna. Ut tellus. Nulla ut erat id mauris vulputate elementum.', 88, 2, '2021-11-26 02:17:43', 'userTest2', '2021-11-28 02:17:43', 'userTest2');
insert into article_comments (comment_body, article_id, user_id, created_at, created_by, modified_at, modified_by) values ('Aliquam sit amet diam in magna bibendum imperdiet. Nullam orci pede, venenatis non, sodales sed, tincidunt eu, felis.', 89, 1, '2021-10-17 08:17:13', 'userTest', '2021-10-19 08:17:13', 'userTest');
insert into article_comments (comment_body, article_id, user_id, created_at, created_by, modified_at, modified_by) values ('Morbi ut odio. Cras mi pede, malesuada in, imperdiet et, commodo vulputate, justo. In blandit ultrices enim.', 90, 2, '2022-09-29 18:28:18', 'userTest2', '2022-10-01 18:28:18', 'userTest2');
insert into article_comments (comment_body, article_id, user_id, created_at, created_by, modified_at, modified_by) values ('Aliquam erat volutpat. In congue.', 91, 1, '2022-01-05 06:18:36', 'userTest', '2022-01-07 06:18:36', 'userTest');
insert into article_comments (comment_body, article_id, user_id, created_at, created_by, modified_at, modified_by) values ('Integer ac neque.', 92, 2, '2021-12-25 10:57:35', 'userTest2', '2021-12-27 10:57:35', 'userTest2');
insert into article_comments (comment_body, article_id, user_id, created_at, created_by, modified_at, modified_by) values ('Aliquam augue quam, sollicitudin vitae, consectetuer eget, rutrum at, lorem. Integer tincidunt ante vel ipsum.', 93, 1, '2021-12-29 02:31:38', 'userTest', '2021-12-31 02:31:38', 'userTest');
insert into article_comments (comment_body, article_id, user_id, created_at, created_by, modified_at, modified_by) values ('Nullam sit amet turpis elementum ligula vehicula consequat.', 94, 2, '2021-12-29 19:02:18', 'userTest2', '2021-12-31 19:02:18', 'userTest2');
insert into article_comments (comment_body, article_id, user_id, created_at, created_by, modified_at, modified_by) values ('Nulla nisl. Nunc nisl. Duis bibendum, felis sed interdum venenatis, turpis enim blandit mi, in porttitor pede justo eu massa.', 95, 1, '2021-12-01 16:10:30', 'userTest', '2021-12-03 16:10:30', 'userTest');
insert into article_comments (comment_body, article_id, user_id, created_at, created_by, modified_at, modified_by) values ('Nullam varius. Nulla facilisi.', 96, 2, '2021-12-05 23:20:17', 'userTest2', '2021-12-07 23:20:17', 'userTest2');
insert into article_comments (comment_body, article_id, user_id, created_at, created_by, modified_at, modified_by) values ('Cras pellentesque volutpat dui.', 97, 1, '2022-07-17 01:59:41', 'userTest', '2022-07-19 01:59:41', 'userTest');
insert into article_comments (comment_body, article_id, user_id, created_at, created_by, modified_at, modified_by) values ('In hac habitasse platea dictumst. Morbi vestibulum, velit id pretium iaculis, diam erat fermentum justo, nec condimentum neque sapien placerat ante. Nulla justo.', 98, 2, '2022-04-05 17:34:50', 'userTest2', '2022-04-07 17:34:50', 'userTest2');
insert into article_comments (comment_body, article_id, user_id, created_at, created_by, modified_at, modified_by) values ('Vestibulum ante ipsum primis in faucibus orci luctus et ultrices posuere cubilia Curae; Mauris viverra diam vitae quam.', 99, 1, '2022-03-15 00:14:21', 'userTest', '2022-03-17 00:14:21', 'userTest');
insert into article_comments (comment_body, article_id, user_id, created_at, created_by, modified_at, modified_by) values ('Donec semper sapien a libero. Nam dui. Proin leo odio, porttitor id, consequat in, consequat ut, nulla.', 100, 2, '2022-02-02 01:00:16', 'userTest2', '2022-02-04 01:00:16', 'userTest2');
insert into article_comments (comment_body, article_id, user_id, created_at, created_by, modified_at, modified_by) values ('Integer ac neque.', 1, 1, '2022-07-23 19:40:21', 'userTest', '2022-07-25 19:40:21', 'userTest');
insert into article_comments (comment_body, article_id, user_id, created_at, created_by, modified_at, modified_by) values ('Vestibulum sed magna at nunc commodo placerat.', 2, 2, '2022-08-16 20:13:56', 'userTest2', '2022-08-18 20:13:56', 'userTest2');
insert into article_comments (comment_body, article_id, user_id, created_at, created_by, modified_at, modified_by) values ('Nullam orci pede, venenatis non, sodales sed, tincidunt eu, felis. Fusce posuere felis sed lacus.', 3, 1, '2022-03-04 00:23:09', 'userTest', '2022-03-06 00:23:09', 'userTest');
insert into article_comments (comment_body, article_id, user_id, created_at, created_by, modified_at, modified_by) values ('Fusce lacus purus, aliquet at, feugiat non, pretium quis, lectus. Suspendisse potenti. In eleifend quam a odio.', 4, 2, '2022-02-19 01:42:15', 'userTest2', '2022-02-21 01:42:15', 'userTest2');
insert into article_comments (comment_body, article_id, user_id, created_at, created_by, modified_at, modified_by) values ('Duis bibendum, felis sed interdum venenatis, turpis enim blandit mi, in porttitor pede justo eu massa.', 5, 1, '2022-08-10 13:08:33', 'userTest', '2022-08-12 13:08:33', 'userTest');
insert into article_comments (comment_body, article_id, user_id, created_at, created_by, modified_at, modified_by) values ('Integer aliquet, massa id lobortis convallis, tortor risus dapibus augue, vel accumsan tellus nisi eu orci.', 6, 2, '2021-11-18 06:25:23', 'userTest2', '2021-11-20 06:25:23', 'userTest2');
insert into article_comments (comment_body, article_id, user_id, created_at, created_by, modified_at, modified_by) values ('Vestibulum ac est lacinia nisi venenatis tristique. Fusce congue, diam id ornare imperdiet, sapien urna pretium nisl, ut volutpat sapien arcu sed augue. Aliquam erat volutpat.', 7, 1, '2021-10-21 12:58:27', 'userTest', '2021-10-23 12:58:27', 'userTest');
insert into article_comments (comment_body, article_id, user_id, created_at, created_by, modified_at, modified_by) values ('Nunc nisl. Duis bibendum, felis sed interdum venenatis, turpis enim blandit mi, in porttitor pede justo eu massa. Donec dapibus.', 8, 2, '2022-09-03 03:26:10', 'userTest2', '2022-09-05 03:26:10', 'userTest2');
insert into article_comments (comment_body, article_id, user_id, created_at, created_by, modified_at, modified_by) values ('Duis bibendum. Morbi non quam nec dui luctus rutrum.', 9, 1, '2022-09-28 03:29:48', 'userTest', '2022-09-30 03:29:48', 'userTest');
insert into article_comments (comment_body, article_id, user_id, created_at, created_by, modified_at, modified_by) values ('Duis mattis egestas metus. Aenean fermentum.', 10, 2, '2021-12-05 13:19:01', 'userTest2', '2021-12-07 13:19:01', 'userTest2');
insert into article_comments (comment_body, article_id, user_id, created_at, created_by, modified_at, modified_by) values ('Duis mattis egestas metus. Aenean fermentum.', 11, 1, '2022-02-11 01:21:43', 'userTest', '2022-02-13 01:21:43', 'userTest');
insert into article_comments (comment_body, article_id, user_id, created_at, created_by, modified_at, modified_by) values ('Fusce posuere felis sed lacus. Morbi sem mauris, laoreet ut, rhoncus aliquet, pulvinar sed, nisl.', 12, 2, '2021-12-25 20:10:56', 'userTest2', '2021-12-27 20:10:56', 'userTest2');
insert into article_comments (comment_body, article_id, user_id, created_at, created_by, modified_at, modified_by) values ('Fusce lacus purus, aliquet at, feugiat non, pretium quis, lectus. Suspendisse potenti. In eleifend quam a odio.', 13, 1, '2022-01-24 23:35:23', 'userTest', '2022-01-26 23:35:23', 'userTest');
insert into article_comments (comment_body, article_id, user_id, created_at, created_by, modified_at, modified_by) values ('Ut at dolor quis odio consequat varius.', 14, 2, '2022-03-27 10:12:15', 'userTest2', '2022-03-29 10:12:15', 'userTest2');
insert into article_comments (comment_body, article_id, user_id, created_at, created_by, modified_at, modified_by) values ('Duis bibendum.', 15, 1, '2021-12-07 16:24:14', 'userTest', '2021-12-09 16:24:14', 'userTest');
insert into article_comments (comment_body, article_id, user_id, created_at, created_by, modified_at, modified_by) values ('Praesent id massa id nisl venenatis lacinia.', 16, 2, '2021-11-16 15:02:27', 'userTest2', '2021-11-18 15:02:27', 'userTest2');
insert into article_comments (comment_body, article_id, user_id, created_at, created_by, modified_at, modified_by) values ('Donec diam neque, vestibulum eget, vulputate ut, ultrices vel, augue. Vestibulum ante ipsum primis in faucibus orci luctus et ultrices posuere cubilia Curae; Donec pharetra, magna vestibulum aliquet ultrices, erat tortor sollicitudin mi, sit amet lobortis sapien sapien non mi. Integer ac neque.', 17, 1, '2022-04-09 06:06:35', 'userTest', '2022-04-11 06:06:35', 'userTest');
insert into article_comments (comment_body, article_id, user_id, created_at, created_by, modified_at, modified_by) values ('Integer ac leo.', 18, 2, '2021-12-22 01:48:32', 'userTest2', '2021-12-24 01:48:32', 'userTest2');
insert into article_comments (comment_body, article_id, user_id, created_at, created_by, modified_at, modified_by) values ('Cum sociis natoque penatibus et magnis dis parturient montes, nascetur ridiculus mus. Vivamus vestibulum sagittis sapien.', 19, 1, '2022-04-11 09:38:19', 'userTest', '2022-04-13 09:38:19', 'userTest');
insert into article_comments (comment_body, article_id, user_id, created_at, created_by, modified_at, modified_by) values ('Duis consequat dui nec nisi volutpat eleifend.', 20, 2, '2022-03-04 07:15:22', 'userTest2', '2022-03-06 07:15:22', 'userTest2');
insert into article_comments (comment_body, article_id, user_id, created_at, created_by, modified_at, modified_by) values ('Morbi ut odio. Cras mi pede, malesuada in, imperdiet et, commodo vulputate, justo. In blandit ultrices enim.', 21, 1, '2022-05-29 11:19:07', 'userTest', '2022-05-31 11:19:07', 'userTest');
insert into article_comments (comment_body, article_id, user_id, created_at, created_by, modified_at, modified_by) values ('Pellentesque viverra pede ac diam.', 22, 2, '2022-10-07 00:04:39', 'userTest2', '2022-10-09 00:04:39', 'userTest2');
insert into article_comments (comment_body, article_id, user_id, created_at, created_by, modified_at, modified_by) values ('Donec ut dolor. Morbi vel lectus in quam fringilla rhoncus. Mauris enim leo, rhoncus sed, vestibulum sit amet, cursus id, turpis.', 23, 1, '2022-05-19 20:07:17', 'userTest', '2022-05-21 20:07:17', 'userTest');
insert into article_comments (comment_body, article_id, user_id, created_at, created_by, modified_at, modified_by) values ('Nulla facilisi. Cras non velit nec nisi vulputate nonummy.', 24, 2, '2022-04-22 03:19:08', 'userTest2', '2022-04-24 03:19:08', 'userTest2');
insert into article_comments (comment_body, article_id, user_id, created_at, created_by, modified_at, modified_by) values ('Sed ante.', 25, 1, '2022-05-04 06:10:39', 'userTest', '2022-05-06 06:10:39', 'userTest');
insert into article_comments (comment_body, article_id, user_id, created_at, created_by, modified_at, modified_by) values ('Vestibulum ante ipsum primis in faucibus orci luctus et ultrices posuere cubilia Curae; Mauris viverra diam vitae quam. Suspendisse potenti. Nullam porttitor lacus at turpis.', 26, 2, '2022-06-13 03:44:17', 'userTest2', '2022-06-15 03:44:17', 'userTest2');
insert into article_comments (comment_body, article_id, user_id, created_at, created_by, modified_at, modified_by) values ('Nunc purus. Phasellus in felis.', 27, 1, '2022-03-12 01:36:14', 'userTest', '2022-03-14 01:36:14', 'userTest');
insert into article_comments (comment_body, article_id, user_id, created_at, created_by, modified_at, modified_by) values ('Quisque erat eros, viverra eget, congue eget, semper rutrum, nulla. Nunc purus. Phasellus in felis.', 28, 2, '2021-12-02 21:41:07', 'userTest2', '2021-12-04 21:41:07', 'userTest2');
insert into article_comments (comment_body, article_id, user_id, created_at, created_by, modified_at, modified_by) values ('In sagittis dui vel nisl. Duis ac nibh.', 29, 1, '2022-06-02 21:40:54', 'userTest', '2022-06-04 21:40:54', 'userTest');
insert into article_comments (comment_body, article_id, user_id, created_at, created_by, modified_at, modified_by) values ('Integer ac leo. Pellentesque ultrices mattis odio.', 30, 2, '2022-01-09 14:48:14', 'userTest2', '2022-01-11 14:48:14', 'userTest2');
insert into article_comments (comment_body, article_id, user_id, created_at, created_by, modified_at, modified_by) values ('Nulla mollis molestie lorem. Quisque ut erat.', 31, 1, '2022-02-06 07:38:29', 'userTest', '2022-02-08 07:38:29', 'userTest');

-- Hashtags TABLE INSERT TOTAL : 20 --
insert into hashtags (hashtag_name, created_at, modified_at) values ('#fuscia', '2022-02-27 15:18:06', '2022-03-01 15:18:06');
insert into hashtags (hashtag_name, created_at, modified_at) values ('#teal', '2022-05-02 08:33:32', '2022-05-04 08:33:32');
insert into hashtags (hashtag_name, created_at, modified_at) values ('#turquoise', '2021-10-31 16:40:02', '2021-11-02 16:40:02');
insert into hashtags (hashtag_name, created_at, modified_at) values ('#puce', '2022-01-22 16:40:24', '2022-01-24 16:40:24');
insert into hashtags (hashtag_name, created_at, modified_at) values ('#yellow', '2022-03-14 12:10:08', '2022-03-16 12:10:08');
insert into hashtags (hashtag_name, created_at, modified_at) values ('#red', '2022-02-09 00:12:24', '2022-02-11 00:12:24');
insert into hashtags (hashtag_name, created_at, modified_at) values ('#violet', '2021-10-31 07:24:51', '2021-11-02 07:24:51');
insert into hashtags (hashtag_name, created_at, modified_at) values ('#pink', '2022-01-19 07:31:03', '2022-01-21 07:31:03');
insert into hashtags (hashtag_name, created_at, modified_at) values ('#blue', '2022-01-13 23:54:32', '2022-01-15 23:54:32');
insert into hashtags (hashtag_name, created_at, modified_at) values ('#green', '2022-09-15 20:48:26', '2022-09-17 20:48:26');
insert into hashtags (hashtag_name, created_at, modified_at) values ('#indigo', '2022-04-20 18:17:18', '2022-04-22 18:17:18');
insert into hashtags (hashtag_name, created_at, modified_at) values ('#crimson', '2022-05-27 06:49:27', '2022-05-29 06:49:27');
insert into hashtags (hashtag_name, created_at, modified_at) values ('#goldenrod', '2022-06-08 18:39:06', '2022-06-10 18:39:06');
insert into hashtags (hashtag_name, created_at, modified_at) values ('#mauv', '2022-05-27 06:45:27', '2022-05-29 06:45:27');
insert into hashtags (hashtag_name, created_at, modified_at) values ('#maroon', '2022-08-02 10:20:46', '2022-08-04 10:20:46');
insert into hashtags (hashtag_name, created_at, modified_at) values ('#orange', '2022-10-17 21:40:58', '2022-10-19 21:40:58');
insert into hashtags (hashtag_name, created_at, modified_at) values ('#khaki', '2022-06-11 07:09:46', '2022-06-13 07:09:46');
insert into hashtags (hashtag_name, created_at, modified_at) values ('#love', '2021-12-08 02:39:26', '2021-12-10 02:39:26');
insert into hashtags (hashtag_name, created_at, modified_at) values ('#newyork', '2022-01-19 16:08:35', '2022-01-21 16:08:35');
insert into hashtags (hashtag_name, created_at, modified_at) values ('#travel', '2022-09-15 05:59:52', '2022-09-17 05:59:52');

-- Article_Hashtags TABLE INSERT TOTAL : 14 --
insert into article_hashtags (actual_hashtag_name, article_id, hashtag_id, created_at, modified_at) values ('#teal', 2, 2, '2022-08-06 11:41:18', '2022-08-08 11:41:18');
insert into article_hashtags (actual_hashtag_name, article_id, hashtag_id, created_at, modified_at) values ('#Turquoise', 3, 3, '2022-02-21 09:31:22', '2022-02-23 09:31:22');
insert into article_hashtags (actual_hashtag_name, article_id, hashtag_id, created_at, modified_at) values ('#PUCE', 4, 4, '2022-04-06 18:06:20', '2022-04-08 18:06:20');
insert into article_hashtags (actual_hashtag_name, article_id, hashtag_id, created_at, modified_at) values ('#yellow', 1, 5, '2022-07-13 15:47:35', '2022-07-15 15:47:35');
insert into article_hashtags (actual_hashtag_name, article_id, hashtag_id, created_at, modified_at) values ('#Red', 2, 6, '2021-12-27 05:27:46', '2021-12-29 05:27:46');
insert into article_hashtags (actual_hashtag_name, article_id, hashtag_id, created_at, modified_at) values ('#Violet', 3, 7, '2022-10-06 08:50:34', '2022-10-08 08:50:34');
insert into article_hashtags (actual_hashtag_name, article_id, hashtag_id, created_at, modified_at) values ('#PINK', 4, 8, '2022-02-05 09:43:12', '2022-02-07 09:43:12');
insert into article_hashtags (actual_hashtag_name, article_id, hashtag_id, created_at, modified_at) values ('#blue', 1, 9, '2022-01-29 04:51:20', '2022-01-31 04:51:20');
insert into article_hashtags (actual_hashtag_name, article_id, hashtag_id, created_at, modified_at) values ('#Green', 2, 10, '2022-07-01 22:41:44', '2022-07-03 22:41:44');
insert into article_hashtags (actual_hashtag_name, article_id, hashtag_id, created_at, modified_at) values ('#fuscia', 3, 1, '2022-02-23 00:41:06', '2022-02-25 00:41:06');
insert into article_hashtags (actual_hashtag_name, article_id, hashtag_id, created_at, modified_at) values ('#Teal', 4, 2, '2022-03-09 07:52:27', '2022-03-11 07:52:27');
insert into article_hashtags (actual_hashtag_name, article_id, hashtag_id, created_at, modified_at) values ('#turquoise', 1, 3, '2022-02-25 19:53:06', '2022-02-27 19:53:06');
insert into article_hashtags (actual_hashtag_name, article_id, hashtag_id, created_at, modified_at) values ('#Puce', 2, 4, '2022-02-11 21:04:52', '2022-02-13 21:04:52');
insert into article_hashtags (actual_hashtag_name, article_id, hashtag_id, created_at, modified_at) values ('#Yellow', 3, 5, '2022-06-15 10:45:48', '2022-06-17 10:45:48');
