-- UserAccount TABLE INSERT --
insert into user_accounts (username, password, name, email, phone_number, role, created_at, modified_at) values
    ('userTest', '{noop}userTest@pw', '테스트유저', 'userTest@gmail.com', '010-1111-1000', 'USER', now(), now());

insert into user_accounts (username, password, name, email, phone_number, role, created_at, modified_at) values
    ('userTest2', '{noop}userTest2@pw', '테스트유저2', 'userTest2@gmail.com', '010-2222-2000', 'USER', now(), now());

insert into user_accounts (username, password, name, email, phone_number, role, created_at, modified_at) values
    ('userTest3', '{noop}userTest3@pw', '테스트유저3', 'userTest3@gmail.com', '010-2222-2300', 'USER', now(), now());

insert into user_accounts (username, password, name, email, phone_number, role, created_at, modified_at) values
    ('adminTest', '{noop}adminTest@pw', '관리자계정1', 'adminTest@gmail.com', '010-3333-3000', 'ADMIN', now(), now());

-- Articles TABLE INSERT TOTAL : 30 --
insert into articles (title, content, user_id, created_at, created_by, modified_at, modified_by) values ('eu felis fusce posuere felis sed lacus morbi sem mauris', 'Nulla justo. Aliquam quis turpis eget elit sodales scelerisque. Mauris sit amet eros. Suspendisse accumsan tortor quis turpis.', 2, '2022-10-20 23:59:59', 'userTest2', '2022-10-22 23:59:59', 'userTest2');
insert into articles (title, content, user_id, created_at, created_by, modified_at, modified_by) values ('mauris lacinia sapien quis', 'Duis bibendum, felis sed interdum venenatis, turpis enim blandit mi, in porttitor pede justo eu massa. Donec dapibus. Duis at velit eu est congue elementum.', 1, '2022-02-20 11:46:52', 'userTest', '2022-02-22 11:46:52', 'userTest');
insert into articles (title, content, user_id, created_at, created_by, modified_at, modified_by) values ('aliquet maecenas leo odio condimentum', 'Nulla facilisi. Cras non velit nec nisi vulputate nonummy. Maecenas tincidunt lacus at velit. Vivamus vel nulla eget eros elementum pellentesque.', 2, '2021-11-24 01:09:23', 'userTest2', '2021-11-26 01:09:23', 'userTest2');
insert into articles (title, content, user_id, created_at, created_by, modified_at, modified_by) values ('maecenas ut massa quis augue luctus tincidunt', 'Praesent blandit. Nam nulla.', 1, '2021-10-17 16:49:29', 'userTest', '2021-10-19 16:49:29', 'userTest');
insert into articles (title, content, user_id, created_at, created_by, modified_at, modified_by) values ('sit amet nulla quisque arcu libero rutrum ac lobortis vel', 'Nulla ut erat id mauris vulputate elementum.', 2, '2022-10-14 11:58:07', 'userTest2', '2022-10-16 11:58:07', 'userTest2');
insert into articles (title, content, user_id, created_at, created_by, modified_at, modified_by) values ('turpis integer aliquet massa', 'Nulla ut erat id mauris vulputate elementum. Nullam varius. Nulla facilisi.', 1, '2022-06-24 08:26:48', 'userTest', '2022-06-26 08:26:48', 'userTest');
insert into articles (title, content, user_id, created_at, created_by, modified_at, modified_by) values ('amet justo morbi ut', 'In hac habitasse platea dictumst.', 2, '2022-08-27 02:08:22', 'userTest2', '2022-08-29 02:08:22', 'userTest2');
insert into articles (title, content, user_id, created_at, created_by, modified_at, modified_by) values ('ipsum ac tellus semper interdum mauris', 'Ut tellus. Nulla ut erat id mauris vulputate elementum. Nullam varius.', 1, '2022-09-22 23:07:41', 'userTest', '2022-09-24 23:07:41', 'userTest');
insert into articles (title, content, user_id, created_at, created_by, modified_at, modified_by) values ('proin interdum mauris non', 'Mauris sit amet eros.', 2, '2021-12-08 06:29:56', 'userTest2', '2021-12-10 06:29:56', 'userTest2');
insert into articles (title, content, user_id, created_at, created_by, modified_at, modified_by) values ('magna ac consequat', 'Nullam sit amet turpis elementum ligula vehicula consequat. Morbi a ipsum. Integer a nibh.', 1, '2022-06-11 11:47:06', 'userTest', '2022-06-13 11:47:06', 'userTest');
insert into articles (title, content, user_id, created_at, created_by, modified_at, modified_by) values ('nec molestie sed justo', 'Cras pellentesque volutpat dui. Maecenas tristique, est et tempus semper, est quam pharetra magna, ac consequat metus sapien ut nunc.', 2, '2022-07-21 00:34:33', 'userTest2', '2022-07-23 00:34:33', 'userTest2');
insert into articles (title, content, user_id, created_at, created_by, modified_at, modified_by) values ('ultrices posuere cubilia curae nulla', 'Vestibulum ante ipsum primis in faucibus orci luctus et ultrices posuere cubilia Curae; Donec pharetra, magna vestibulum aliquet ultrices, erat tortor sollicitudin mi, sit amet lobortis sapien sapien non mi. Integer ac neque.', 1, '2022-09-30 04:07:19', 'userTest', '2022-10-02 04:07:19', 'userTest');
insert into articles (title, content, user_id, created_at, created_by, modified_at, modified_by) values ('integer a nibh in quis justo maecenas rhoncus aliquam lacus', 'Suspendisse ornare consequat lectus.', 2, '2021-10-27 15:41:10', 'userTest2', '2021-10-29 15:41:10', 'userTest2');
insert into articles (title, content, user_id, created_at, created_by, modified_at, modified_by) values ('volutpat eleifend donec', 'Donec diam neque, vestibulum eget, vulputate ut, ultrices vel, augue.', 1, '2022-05-28 18:55:18', 'userTest', '2022-05-30 18:55:18', 'userTest');
insert into articles (title, content, user_id, created_at, created_by, modified_at, modified_by) values ('eu sapien cursus vestibulum proin eu', 'Nam nulla. Integer pede justo, lacinia eget, tincidunt eget, tempus vel, pede. Morbi porttitor lorem id ligula.', 2, '2022-03-19 21:05:16', 'userTest2', '2022-03-21 21:05:16', 'userTest2');
insert into articles (title, content, user_id, created_at, created_by, modified_at, modified_by) values ('sit amet sapien dignissim vestibulum vestibulum ante ipsum', 'In blandit ultrices enim. Lorem ipsum dolor sit amet, consectetuer adipiscing elit. Proin interdum mauris non ligula pellentesque ultrices. Phasellus id sapien in sapien iaculis congue.', 1, '2022-07-22 16:00:11', 'userTest', '2022-07-24 16:00:11', 'userTest');
insert into articles (title, content, user_id, created_at, created_by, modified_at, modified_by) values ('mus etiam vel augue vestibulum rutrum rutrum neque', 'Vestibulum quam sapien, varius ut, blandit non, interdum in, ante. Vestibulum ante ipsum primis in faucibus orci luctus et ultrices posuere cubilia Curae; Duis faucibus accumsan odio.', 2, '2022-02-02 13:37:23', 'userTest2', '2022-02-04 13:37:23', 'userTest2');
insert into articles (title, content, user_id, created_at, created_by, modified_at, modified_by) values ('pharetra magna ac consequat metus', 'Proin eu mi.', 1, '2022-01-01 17:55:34', 'userTest', '2022-01-03 17:55:34', 'userTest');
insert into articles (title, content, user_id, created_at, created_by, modified_at, modified_by) values ('augue aliquam erat volutpat in congue etiam justo etiam', 'Nulla nisl. Nunc nisl. Duis bibendum, felis sed interdum venenatis, turpis enim blandit mi, in porttitor pede justo eu massa. Donec dapibus.', 2, '2022-04-15 08:45:39', 'userTest2', '2022-04-17 08:45:39', 'userTest2');
insert into articles (title, content, user_id, created_at, created_by, modified_at, modified_by) values ('aliquet pulvinar sed nisl nunc rhoncus dui vel sem sed', 'Donec dapibus.', 1, '2022-10-08 19:56:43', 'userTest', '2022-10-10 19:56:43', 'userTest');
insert into articles (title, content, user_id, created_at, created_by, modified_at, modified_by) values ('proin at turpis a pede posuere nonummy', 'Quisque porta volutpat erat. Quisque erat eros, viverra eget, congue eget, semper rutrum, nulla. Nunc purus. Phasellus in felis.', 2, '2021-10-16 02:30:30', 'userTest2', '2021-10-18 02:30:30', 'userTest2');
insert into articles (title, content, user_id, created_at, created_by, modified_at, modified_by) values ('in hac habitasse platea dictumst morbi', 'Proin leo odio, porttitor id, consequat in, consequat ut, nulla.', 1, '2022-07-30 08:01:47', 'userTest', '2022-08-01 08:01:47', 'userTest');
insert into articles (title, content, user_id, created_at, created_by, modified_at, modified_by) values ('ipsum aliquam non mauris morbi non lectus aliquam sit amet', 'Morbi a ipsum. Integer a nibh. In quis justo. Maecenas rhoncus aliquam lacus.', 2, '2022-07-22 03:18:13', 'userTest2', '2022-07-24 03:18:13', 'userTest2');
insert into articles (title, content, user_id, created_at, created_by, modified_at, modified_by) values ('non interdum in ante vestibulum ante ipsum primis', 'Nulla mollis molestie lorem. Quisque ut erat. Curabitur gravida nisi at nibh. In hac habitasse platea dictumst.', 1, '2022-07-20 15:37:39', 'userTest', '2022-07-22 15:37:39', 'userTest');
insert into articles (title, content, user_id, created_at, created_by, modified_at, modified_by) values ('eget semper rutrum nulla nunc purus phasellus in felis', 'Donec ut mauris eget massa tempor convallis. Nulla neque libero, convallis eget, eleifend luctus, ultricies eu, nibh.', 2, '2022-06-30 11:41:31', 'userTest2', '2022-07-02 11:41:31', 'userTest2');
insert into articles (title, content, user_id, created_at, created_by, modified_at, modified_by) values ('semper rutrum nulla nunc purus phasellus in felis donec', 'Praesent blandit lacinia erat. Vestibulum sed magna at nunc commodo placerat. Praesent blandit. Nam nulla.', 1, '2022-04-24 17:42:21', 'userTest', '2022-04-26 17:42:21', 'userTest');
insert into articles (title, content, user_id, created_at, created_by, modified_at, modified_by) values ('nulla elit ac nulla sed vel enim sit', 'Praesent blandit.', 2, '2022-02-02 09:23:27', 'userTest2', '2022-02-04 09:23:27', 'userTest2');
insert into articles (title, content, user_id, created_at, created_by, modified_at, modified_by) values ('rhoncus aliquet pulvinar sed nisl nunc rhoncus dui vel', 'Etiam pretium iaculis justo. In hac habitasse platea dictumst.', 1, '2022-01-05 08:22:43', 'userTest', '2022-01-07 08:22:43', 'userTest');
insert into articles (title, content, user_id, created_at, created_by, modified_at, modified_by) values ('convallis tortor risus dapibus augue vel accumsan tellus', 'Maecenas leo odio, condimentum id, luctus nec, molestie sed, justo. Pellentesque viverra pede ac diam.', 2, '2021-11-14 03:03:56', 'userTest2', '2021-11-16 03:03:56', 'userTest2');
insert into articles (title, content, user_id, created_at, created_by, modified_at, modified_by) values ('nascetur ridiculus mus', 'Nullam sit amet turpis elementum ligula vehicula consequat. Morbi a ipsum.', 1, '2022-04-26 00:06:53', 'userTest', '2022-04-28 00:06:53', 'userTest');

-- Article_Comments TABLE INSERT : 70 --
insert into article_comments (comment_body, article_id, user_id, created_at, created_by, modified_at, modified_by) values ('Praesent blandit lacinia erat. Vestibulum sed magna at nunc commodo placerat.', 2, 2, '2022-10-21 13:16:11', 'userTest2', '2022-10-21 13:16:11', 'userTest2');
insert into article_comments (comment_body, article_id, user_id, created_at, created_by, modified_at, modified_by) values ('In tempor, turpis nec euismod scelerisque, quam turpis adipiscing lorem, vitae mattis nibh ligula nec sem. Duis aliquam convallis nunc.', 3, 1, '2022-07-20 19:11:39', 'userTest', '2022-07-22 19:11:39', 'userTest');
insert into article_comments (comment_body, article_id, user_id, created_at, created_by, modified_at, modified_by) values ('Integer non velit. Donec diam neque, vestibulum eget, vulputate ut, ultrices vel, augue.', 4, 2, '2022-09-04 05:57:25', 'userTest2', '2022-09-06 05:57:25', 'userTest2');
insert into article_comments (comment_body, article_id, user_id, created_at, created_by, modified_at, modified_by) values ('Duis bibendum, felis sed interdum venenatis, turpis enim blandit mi, in porttitor pede justo eu massa. Donec dapibus. Duis at velit eu est congue elementum.', 5, 1, '2022-06-29 23:51:57', 'userTest', '2022-07-01 23:51:57', 'userTest');
insert into article_comments (comment_body, article_id, user_id, created_at, created_by, modified_at, modified_by) values ('Curabitur in libero ut massa volutpat convallis. Morbi odio odio, elementum eu, interdum eu, tincidunt in, leo. Maecenas pulvinar lobortis est.', 6, 2, '2022-10-01 02:28:50', 'userTest2', '2022-10-03 02:28:50', 'userTest2');
insert into article_comments (comment_body, article_id, user_id, created_at, created_by, modified_at, modified_by) values ('Donec odio justo, sollicitudin ut, suscipit a, feugiat et, eros. Vestibulum ac est lacinia nisi venenatis tristique.', 7, 1, '2022-01-15 20:51:07', 'userTest', '2022-01-17 20:51:07', 'userTest');
insert into article_comments (comment_body, article_id, user_id, created_at, created_by, modified_at, modified_by) values ('Donec posuere metus vitae ipsum. Aliquam non mauris. Morbi non lectus.', 8, 2, '2022-05-26 14:34:17', 'userTest2', '2022-05-28 14:34:17', 'userTest2');
insert into article_comments (comment_body, article_id, user_id, created_at, created_by, modified_at, modified_by) values ('Etiam faucibus cursus urna. Ut tellus.', 9, 1, '2022-08-27 03:14:50', 'userTest', '2022-08-29 03:14:50', 'userTest');
insert into article_comments (comment_body, article_id, user_id, created_at, created_by, modified_at, modified_by) values ('Vestibulum ante ipsum primis in faucibus orci luctus et ultrices posuere cubilia Curae; Donec pharetra, magna vestibulum aliquet ultrices, erat tortor sollicitudin mi, sit amet lobortis sapien sapien non mi. Integer ac neque. Duis bibendum.', 10, 2, '2022-06-06 19:23:42', 'userTest2', '2022-06-08 19:23:42', 'userTest2');
insert into article_comments (comment_body, article_id, user_id, created_at, created_by, modified_at, modified_by) values ('Nullam porttitor lacus at turpis.', 11, 1, '2022-04-12 11:57:27', 'userTest', '2022-04-14 11:57:27', 'userTest');
insert into article_comments (comment_body, article_id, user_id, created_at, created_by, modified_at, modified_by) values ('Nullam orci pede, venenatis non, sodales sed, tincidunt eu, felis.', 12, 2, '2022-02-25 08:05:25', 'userTest2', '2022-02-27 08:05:25', 'userTest2');
insert into article_comments (comment_body, article_id, user_id, created_at, created_by, modified_at, modified_by) values ('Donec vitae nisi.', 13, 1, '2021-10-29 20:39:03', 'userTest', '2021-10-31 20:39:03', 'userTest');
insert into article_comments (comment_body, article_id, user_id, created_at, created_by, modified_at, modified_by) values ('Aliquam augue quam, sollicitudin vitae, consectetuer eget, rutrum at, lorem. Integer tincidunt ante vel ipsum. Praesent blandit lacinia erat.', 14, 2, '2022-08-26 21:13:57', 'userTest2', '2022-08-28 21:13:57', 'userTest2');
insert into article_comments (comment_body, article_id, user_id, created_at, created_by, modified_at, modified_by) values ('Vestibulum ante ipsum primis in faucibus orci luctus et ultrices posuere cubilia Curae; Duis faucibus accumsan odio. Curabitur convallis. Duis consequat dui nec nisi volutpat eleifend.', 15, 1, '2022-06-05 05:29:47', 'userTest', '2022-06-07 05:29:47', 'userTest');
insert into article_comments (comment_body, article_id, user_id, created_at, created_by, modified_at, modified_by) values ('Duis ac nibh.', 16, 2, '2022-01-22 12:28:57', 'userTest2', '2022-01-24 12:28:57', 'userTest2');
insert into article_comments (comment_body, article_id, user_id, created_at, created_by, modified_at, modified_by) values ('Nunc purus. Phasellus in felis. Donec semper sapien a libero.', 17, 1, '2022-07-20 11:49:28', 'userTest', '2022-07-22 11:49:28', 'userTest');
insert into article_comments (comment_body, article_id, user_id, created_at, created_by, modified_at, modified_by) values ('Vestibulum ante ipsum primis in faucibus orci luctus et ultrices posuere cubilia Curae; Duis faucibus accumsan odio. Curabitur convallis.', 18, 2, '2021-12-01 15:21:14', 'userTest2', '2021-12-03 15:21:14', 'userTest2');
insert into article_comments (comment_body, article_id, user_id, created_at, created_by, modified_at, modified_by) values ('Nulla nisl. Nunc nisl.', 19, 1, '2022-08-25 20:42:27', 'userTest', '2022-08-27 20:42:27', 'userTest');
insert into article_comments (comment_body, article_id, user_id, created_at, created_by, modified_at, modified_by) values ('Aliquam sit amet diam in magna bibendum imperdiet. Nullam orci pede, venenatis non, sodales sed, tincidunt eu, felis.', 20, 2, '2021-11-04 09:27:32', 'userTest2', '2021-11-06 09:27:32', 'userTest2');
insert into article_comments (comment_body, article_id, user_id, created_at, created_by, modified_at, modified_by) values ('Integer aliquet, massa id lobortis convallis, tortor risus dapibus augue, vel accumsan tellus nisi eu orci. Mauris lacinia sapien quis libero.', 21, 1, '2022-01-20 07:12:49', 'userTest', '2022-01-22 07:12:49', 'userTest');
insert into article_comments (comment_body, article_id, user_id, created_at, created_by, modified_at, modified_by) values ('Donec vitae nisi. Nam ultrices, libero non mattis pulvinar, nulla pede ullamcorper augue, a suscipit nulla elit ac nulla.', 22, 2, '2022-05-23 08:20:39', 'userTest2', '2022-05-25 08:20:39', 'userTest2');
insert into article_comments (comment_body, article_id, user_id, created_at, created_by, modified_at, modified_by) values ('Cras pellentesque volutpat dui. Maecenas tristique, est et tempus semper, est quam pharetra magna, ac consequat metus sapien ut nunc.', 23, 1, '2021-11-29 17:01:22', 'userTest', '2021-12-01 17:01:22', 'userTest');
insert into article_comments (comment_body, article_id, user_id, created_at, created_by, modified_at, modified_by) values ('Mauris ullamcorper purus sit amet nulla. Quisque arcu libero, rutrum ac, lobortis vel, dapibus at, diam.', 24, 2, '2022-04-02 15:13:32', 'userTest2', '2022-04-04 15:13:32', 'userTest2');
insert into article_comments (comment_body, article_id, user_id, created_at, created_by, modified_at, modified_by) values ('Fusce lacus purus, aliquet at, feugiat non, pretium quis, lectus. Suspendisse potenti.', 25, 1, '2022-02-21 17:41:16', 'userTest', '2022-02-23 17:41:16', 'userTest');
insert into article_comments (comment_body, article_id, user_id, created_at, created_by, modified_at, modified_by) values ('Morbi porttitor lorem id ligula.', 26, 2, '2022-01-16 11:07:42', 'userTest2', '2022-01-18 11:07:42', 'userTest2');
insert into article_comments (comment_body, article_id, user_id, created_at, created_by, modified_at, modified_by) values ('Etiam justo.', 27, 1, '2022-04-20 01:45:25', 'userTest', '2022-04-22 01:45:25', 'userTest');
insert into article_comments (comment_body, article_id, user_id, created_at, created_by, modified_at, modified_by) values ('Maecenas ut massa quis augue luctus tincidunt.', 28, 2, '2022-04-25 13:51:30', 'userTest2', '2022-04-27 13:51:30', 'userTest2');
insert into article_comments (comment_body, article_id, user_id, created_at, created_by, modified_at, modified_by) values ('Cras pellentesque volutpat dui. Maecenas tristique, est et tempus semper, est quam pharetra magna, ac consequat metus sapien ut nunc.', 29, 1, '2022-03-28 06:33:12', 'userTest', '2022-03-30 06:33:12', 'userTest');
insert into article_comments (comment_body, article_id, user_id, created_at, created_by, modified_at, modified_by) values ('Proin at turpis a pede posuere nonummy. Integer non velit. Donec diam neque, vestibulum eget, vulputate ut, ultrices vel, augue.', 30, 2, '2021-12-21 05:54:02', 'userTest2', '2021-12-23 05:54:02', 'userTest2');
insert into article_comments (comment_body, article_id, user_id, created_at, created_by, modified_at, modified_by) values ('Aliquam sit amet diam in magna bibendum imperdiet.', 1, 1, '2022-03-30 10:59:26', 'userTest', '2022-04-01 10:59:26', 'userTest');
insert into article_comments (comment_body, article_id, user_id, created_at, created_by, modified_at, modified_by) values ('Nullam orci pede, venenatis non, sodales sed, tincidunt eu, felis. Fusce posuere felis sed lacus.', 2, 2, '2022-10-02 14:01:34', 'userTest2', '2022-10-04 14:01:34', 'userTest2');
insert into article_comments (comment_body, article_id, user_id, created_at, created_by, modified_at, modified_by) values ('Integer ac leo. Pellentesque ultrices mattis odio.', 3, 1, '2022-10-09 02:27:23', 'userTest', '2022-10-11 02:27:23', 'userTest');
insert into article_comments (comment_body, article_id, user_id, created_at, created_by, modified_at, modified_by) values ('Aliquam erat volutpat. In congue.', 4, 2, '2022-06-29 16:43:10', 'userTest2', '2022-07-01 16:43:10', 'userTest2');
insert into article_comments (comment_body, article_id, user_id, created_at, created_by, modified_at, modified_by) values ('Curabitur at ipsum ac tellus semper interdum. Mauris ullamcorper purus sit amet nulla.', 5, 1, '2022-02-05 00:15:28', 'userTest', '2022-02-07 00:15:28', 'userTest');
insert into article_comments (comment_body, article_id, user_id, created_at, created_by, modified_at, modified_by) values ('Nulla ac enim. In tempor, turpis nec euismod scelerisque, quam turpis adipiscing lorem, vitae mattis nibh ligula nec sem. Duis aliquam convallis nunc.', 6, 2, '2022-02-02 07:38:02', 'userTest2', '2022-02-04 07:38:02', 'userTest2');
insert into article_comments (comment_body, article_id, user_id, created_at, created_by, modified_at, modified_by) values ('Morbi non quam nec dui luctus rutrum. Nulla tellus.', 7, 1, '2022-09-11 02:25:26', 'userTest', '2022-09-13 02:25:26', 'userTest');
insert into article_comments (comment_body, article_id, user_id, created_at, created_by, modified_at, modified_by) values ('Aliquam sit amet diam in magna bibendum imperdiet. Nullam orci pede, venenatis non, sodales sed, tincidunt eu, felis. Fusce posuere felis sed lacus.', 8, 2, '2022-10-13 09:11:37', 'userTest2', '2022-10-15 09:11:37', 'userTest2');
insert into article_comments (comment_body, article_id, user_id, created_at, created_by, modified_at, modified_by) values ('Phasellus sit amet erat. Nulla tempus.', 9, 1, '2022-07-27 13:02:57', 'userTest', '2022-07-29 13:02:57', 'userTest');
insert into article_comments (comment_body, article_id, user_id, created_at, created_by, modified_at, modified_by) values ('Praesent id massa id nisl venenatis lacinia. Aenean sit amet justo.', 10, 2, '2022-01-11 08:48:15', 'userTest2', '2022-01-13 08:48:15', 'userTest2');
insert into article_comments (comment_body, article_id, user_id, created_at, created_by, modified_at, modified_by) values ('Morbi vel lectus in quam fringilla rhoncus.', 11, 1, '2021-12-26 14:44:44', 'userTest', '2021-12-28 14:44:44', 'userTest');
insert into article_comments (comment_body, article_id, user_id, created_at, created_by, modified_at, modified_by) values ('Integer pede justo, lacinia eget, tincidunt eget, tempus vel, pede.', 12, 2, '2022-03-23 03:17:47', 'userTest2', '2022-03-25 03:17:47', 'userTest2');
insert into article_comments (comment_body, article_id, user_id, created_at, created_by, modified_at, modified_by) values ('Vestibulum rutrum rutrum neque. Aenean auctor gravida sem.', 13, 1, '2022-06-06 04:42:01', 'userTest', '2022-06-08 04:42:01', 'userTest');
insert into article_comments (comment_body, article_id, user_id, created_at, created_by, modified_at, modified_by) values ('Donec quis orci eget orci vehicula condimentum. Curabitur in libero ut massa volutpat convallis.', 14, 2, '2022-07-31 15:39:40', 'userTest2', '2022-08-02 15:39:40', 'userTest2');
insert into article_comments (comment_body, article_id, user_id, created_at, created_by, modified_at, modified_by) values ('Nulla ut erat id mauris vulputate elementum.', 15, 1, '2021-12-07 23:16:17', 'userTest', '2021-12-09 23:16:17', 'userTest');
insert into article_comments (comment_body, article_id, user_id, created_at, created_by, modified_at, modified_by) values ('Nam ultrices, libero non mattis pulvinar, nulla pede ullamcorper augue, a suscipit nulla elit ac nulla.', 16, 2, '2022-06-29 19:22:03', 'userTest2', '2022-07-01 19:22:03', 'userTest2');
insert into article_comments (comment_body, article_id, user_id, created_at, created_by, modified_at, modified_by) values ('Nullam orci pede, venenatis non, sodales sed, tincidunt eu, felis. Fusce posuere felis sed lacus.', 17, 1, '2021-11-12 06:30:17', 'userTest', '2021-11-14 06:30:17', 'userTest');
insert into article_comments (comment_body, article_id, user_id, created_at, created_by, modified_at, modified_by) values ('Proin risus. Praesent lectus. Vestibulum quam sapien, varius ut, blandit non, interdum in, ante.', 18, 2, '2022-09-24 15:46:56', 'userTest2', '2022-09-26 15:46:56', 'userTest2');
insert into article_comments (comment_body, article_id, user_id, created_at, created_by, modified_at, modified_by) values ('Vivamus vel nulla eget eros elementum pellentesque. Quisque porta volutpat erat.', 19, 1, '2022-09-07 05:19:26', 'userTest', '2022-09-09 05:19:26', 'userTest');
insert into article_comments (comment_body, article_id, user_id, created_at, created_by, modified_at, modified_by) values ('Morbi sem mauris, laoreet ut, rhoncus aliquet, pulvinar sed, nisl. Nunc rhoncus dui vel sem.', 20, 2, '2022-09-21 05:55:04', 'userTest2', '2022-09-23 05:55:04', 'userTest2');
insert into article_comments (comment_body, article_id, user_id, created_at, created_by, modified_at, modified_by) values ('Donec diam neque, vestibulum eget, vulputate ut, ultrices vel, augue. Vestibulum ante ipsum primis in faucibus orci luctus et ultrices posuere cubilia Curae; Donec pharetra, magna vestibulum aliquet ultrices, erat tortor sollicitudin mi, sit amet lobortis sapien sapien non mi.', 21, 1, '2022-02-18 13:31:01', 'userTest', '2022-02-20 13:31:01', 'userTest');
insert into article_comments (comment_body, article_id, user_id, created_at, created_by, modified_at, modified_by) values ('Maecenas leo odio, condimentum id, luctus nec, molestie sed, justo. Pellentesque viverra pede ac diam. Cras pellentesque volutpat dui.', 22, 2, '2021-12-04 05:51:55', 'userTest2', '2021-12-06 05:51:55', 'userTest2');
insert into article_comments (comment_body, article_id, user_id, created_at, created_by, modified_at, modified_by) values ('Donec semper sapien a libero. Nam dui. Proin leo odio, porttitor id, consequat in, consequat ut, nulla.', 23, 1, '2022-09-04 05:29:35', 'userTest', '2022-09-06 05:29:35', 'userTest');
insert into article_comments (comment_body, article_id, user_id, created_at, created_by, modified_at, modified_by) values ('Etiam pretium iaculis justo. In hac habitasse platea dictumst. Etiam faucibus cursus urna.', 24, 2, '2022-01-22 18:05:18', 'userTest2', '2022-01-24 18:05:18', 'userTest2');
insert into article_comments (comment_body, article_id, user_id, created_at, created_by, modified_at, modified_by) values ('Aenean fermentum. Donec ut mauris eget massa tempor convallis.', 25, 1, '2022-02-18 21:41:21', 'userTest', '2022-02-20 21:41:21', 'userTest');
insert into article_comments (comment_body, article_id, user_id, created_at, created_by, modified_at, modified_by) values ('Vestibulum quam sapien, varius ut, blandit non, interdum in, ante. Vestibulum ante ipsum primis in faucibus orci luctus et ultrices posuere cubilia Curae; Duis faucibus accumsan odio.', 26, 2, '2022-04-18 06:51:20', 'userTest2', '2022-04-20 06:51:20', 'userTest2');
insert into article_comments (comment_body, article_id, user_id, created_at, created_by, modified_at, modified_by) values ('Aliquam quis turpis eget elit sodales scelerisque. Mauris sit amet eros.', 27, 1, '2022-07-15 10:07:52', 'userTest', '2022-07-17 10:07:52', 'userTest');
insert into article_comments (comment_body, article_id, user_id, created_at, created_by, modified_at, modified_by) values ('Nulla ut erat id mauris vulputate elementum. Nullam varius. Nulla facilisi.', 28, 2, '2021-12-22 08:52:31', 'userTest2', '2021-12-24 08:52:31', 'userTest2');
insert into article_comments (comment_body, article_id, user_id, created_at, created_by, modified_at, modified_by) values ('Pellentesque eget nunc. Donec quis orci eget orci vehicula condimentum.', 29, 1, '2022-08-21 18:46:56', 'userTest', '2022-08-23 18:46:56', 'userTest');
insert into article_comments (comment_body, article_id, user_id, created_at, created_by, modified_at, modified_by) values ('Quisque arcu libero, rutrum ac, lobortis vel, dapibus at, diam. Nam tristique tortor eu pede.', 30, 2, '2022-03-21 09:13:18', 'userTest2', '2022-03-23 09:13:18', 'userTest2');
insert into article_comments (comment_body, article_id, user_id, created_at, created_by, modified_at, modified_by) values ('Lorem ipsum dolor sit amet, consectetuer adipiscing elit. Proin interdum mauris non ligula pellentesque ultrices.', 1, 1, '2021-11-09 05:52:32', 'userTest', '2021-11-11 05:52:32', 'userTest');
insert into article_comments (comment_body, article_id, user_id, created_at, created_by, modified_at, modified_by) values ('Vestibulum ante ipsum primis in faucibus orci luctus et ultrices posuere cubilia Curae; Nulla dapibus dolor vel est. Donec odio justo, sollicitudin ut, suscipit a, feugiat et, eros. Vestibulum ac est lacinia nisi venenatis tristique.', 2, 2, '2021-10-23 23:22:39', 'userTest2', '2021-10-25 23:22:39', 'userTest2');
insert into article_comments (comment_body, article_id, user_id, created_at, created_by, modified_at, modified_by) values ('Morbi vestibulum, velit id pretium iaculis, diam erat fermentum justo, nec condimentum neque sapien placerat ante. Nulla justo. Aliquam quis turpis eget elit sodales scelerisque.', 3, 1, '2021-12-20 20:31:25', 'userTest', '2021-12-22 20:31:25', 'userTest');
insert into article_comments (comment_body, article_id, user_id, created_at, created_by, modified_at, modified_by) values ('Fusce consequat. Nulla nisl.', 4, 2, '2021-11-23 11:26:10', 'userTest2', '2021-11-25 11:26:10', 'userTest2');
insert into article_comments (comment_body, article_id, user_id, created_at, created_by, modified_at, modified_by) values ('Duis bibendum, felis sed interdum venenatis, turpis enim blandit mi, in porttitor pede justo eu massa. Donec dapibus.', 5, 1, '2022-08-02 10:09:02', 'userTest', '2022-08-04 10:09:02', 'userTest');
insert into article_comments (comment_body, article_id, user_id, created_at, created_by, modified_at, modified_by) values ('Integer ac leo.', 6, 2, '2022-08-12 07:05:13', 'userTest2', '2022-08-14 07:05:13', 'userTest2');
insert into article_comments (comment_body, article_id, user_id, created_at, created_by, modified_at, modified_by) values ('Donec diam neque, vestibulum eget, vulputate ut, ultrices vel, augue.', 7, 1, '2022-07-26 09:18:01', 'userTest', '2022-07-28 09:18:01', 'userTest');
insert into article_comments (comment_body, article_id, user_id, created_at, created_by, modified_at, modified_by) values ('Nulla tellus.', 8, 2, '2022-08-22 08:31:34', 'userTest2', '2022-08-24 08:31:34', 'userTest2');
insert into article_comments (comment_body, article_id, user_id, created_at, created_by, modified_at, modified_by) values ('Proin eu mi. Nulla ac enim.', 9, 1, '2022-08-23 06:51:30', 'userTest', '2022-08-25 06:51:30', 'userTest');
insert into article_comments (comment_body, article_id, user_id, created_at, created_by, modified_at, modified_by) values ('Aliquam augue quam, sollicitudin vitae, consectetuer eget, rutrum at, lorem. Integer tincidunt ante vel ipsum. Praesent blandit lacinia erat.', 10, 2, '2022-02-25 07:27:25', 'userTest2', '2022-02-27 07:27:25', 'userTest2');
insert into article_comments (comment_body, article_id, user_id, created_at, created_by, modified_at, modified_by) values ('Fusce lacus purus, aliquet at, feugiat non, pretium quis, lectus.', 11, 1, '2022-03-05 19:29:50', 'userTest', '2022-03-07 19:29:50', 'userTest');

-- Hashtags TABLE INSERT TOTAL : 10 --
insert into hashtags (hashtag_name, created_at, modified_at) values ('#fuscia', '2022-02-27 15:18:06', '2022-03-01 15:18:06');
insert into hashtags (hashtag_name, created_at, modified_at) values ('#teal', '2022-05-02 08:33:32', '2022-05-04 08:33:32');
insert into hashtags (hashtag_name, created_at, modified_at) values ('#turquoise', '2021-10-31 16:40:02', '2021-11-02 16:40:02');
insert into hashtags (hashtag_name, created_at, modified_at) values ('#puce', '2022-01-22 16:40:24', '2022-01-24 16:40:24');
insert into hashtags (hashtag_name, created_at, modified_at) values ('#yellow', '2022-03-14 12:10:08', '2022-03-16 12:10:08');
insert into hashtags (hashtag_name, created_at, modified_at) values ('#red', '2022-02-09 00:12:24', '2022-02-11 00:12:24');
insert into hashtags (hashtag_name, created_at, modified_at) values ('#violet', '2021-10-31 07:24:51', '2021-11-02 07:24:51');
insert into hashtags (hashtag_name, created_at, modified_at) values ('#pink', '2022-01-19 07:31:03', '2022-01-21 07:31:03');
insert into hashtags (hashtag_name, created_at, modified_at) values ('#blue', '2022-01-13 23:54:32', '2022-01-15 23:54:32');
insert into hashtags (hashtag_name, created_at, modified_at) values ('#green', '2022-09-15 20:48:26', '2022-09-17 20:48:26');

-- Article_Hashtags TABLE INSERT TOTAL : 14 --
insert into article_hashtags (actual_hashtag_name, article_id, hashtag_id, created_at, modified_at) values ('#teal', 2, 2, '2022-08-06 11:41:18', '2022-08-08 11:41:18');
insert into article_hashtags (actual_hashtag_name, article_id, hashtag_id, created_at, modified_at) values ('#Turquoise', 3, 3, '2022-02-21 09:31:22', '2022-02-23 09:31:22');
insert into article_hashtags (actual_hashtag_name, article_id, hashtag_id, created_at, modified_at) values ('#PUCE', 4, 4, '2022-04-06 18:06:20', '2022-04-08 18:06:20');
insert into article_hashtags (actual_hashtag_name, article_id, hashtag_id, created_at, modified_at) values ('#yellow', 1, 5, '2022-07-13 15:47:35', '2022-07-15 15:47:35');
insert into article_hashtags (actual_hashtag_name, article_id, hashtag_id, created_at, modified_at) values ('#Red', 2, 6, '2021-12-27 05:27:46', '2021-12-29 05:27:46');
insert into article_hashtags (actual_hashtag_name, article_id, hashtag_id, created_at, modified_at) values ('#Violet', 3, 7, '2022-10-06 08:50:34', '2022-10-08 08:50:34');
insert into article_hashtags (actual_hashtag_name, article_id, hashtag_id, created_at, modified_at) values ('#PINK', 4, 8, '2022-02-05 09:43:12', '2022-02-07 09:43:12');
insert into article_hashtags (actual_hashtag_name, article_id, hashtag_id, created_at, modified_at) values ('#blue', 1, 9, '2022-01-29 04:51:20', '2022-01-31 04:51:20');
insert into article_hashtags (actual_hashtag_name, article_id, hashtag_id, created_at, modified_at) values ('#Green', 2, 10, '2022-07-01 22:41:44', '2022-07-03 22:41:44');
insert into article_hashtags (actual_hashtag_name, article_id, hashtag_id, created_at, modified_at) values ('#fuscia', 3, 1, '2022-02-23 00:41:06', '2022-02-25 00:41:06');
insert into article_hashtags (actual_hashtag_name, article_id, hashtag_id, created_at, modified_at) values ('#Teal', 4, 2, '2022-03-09 07:52:27', '2022-03-11 07:52:27');
insert into article_hashtags (actual_hashtag_name, article_id, hashtag_id, created_at, modified_at) values ('#turquoise', 1, 3, '2022-02-25 19:53:06', '2022-02-27 19:53:06');
insert into article_hashtags (actual_hashtag_name, article_id, hashtag_id, created_at, modified_at) values ('#Puce', 2, 4, '2022-02-11 21:04:52', '2022-02-13 21:04:52');
insert into article_hashtags (actual_hashtag_name, article_id, hashtag_id, created_at, modified_at) values ('#Yellow', 3, 5, '2022-06-15 10:45:48', '2022-06-17 10:45:48');
